Date,Open,High,Low,Close,Volume,Market Cap
2019-07-27,219.62,223.52,204.9,207.41,6257703908,22208955063
2019-07-26,219.63,220.24,214.13,219.63,5729852178,23514586698
2019-07-25,216.97,224.25,216.14,219.62,6731281160,23510336985
2019-07-24,212.55,217.54,203.89,217.05,7168982843,23232101233
2019-07-23,217.57,218.52,209.64,212.73,6976091534,22767023810
2019-07-22,225.7,226.86,213.45,217.56,6338843919,23281138563
2019-07-21,229.17,229.86,219.03,225.63,6685082868,24141704293
2019-07-20,221.41,234.2,221.19,229.12,7976245988,24511869214
2019-07-19,226.66,226.94,215.84,221.33,7606433131,23675884534
2019-07-18,211.44,229.24,208.04,226.57,9327816059,24232572603
2019-07-17,199.07,217.98,193.99,211.48,9387747640,22616651114
2019-07-16,229.75,234.51,197.38,199.19,9036620494,21298941499
2019-07-15,227.97,235.03,210.39,229.78,9723674244,24566488597
2019-07-14,269.28,269.64,227.27,227.58,8578339386,24328422207
2019-07-13,276.29,276.69,263.07,269.46,6716829429,28801816023
2019-07-12,268.69,278.86,268,276.28,8148936015,29526802979
2019-07-11,289.95,290.02,266.09,268.7,10216287022,28713849048
2019-07-10,308.85,313.07,285.57,290,11679985167,30985827113
2019-07-09,313.33,318.22,305.29,308.88,10055159803,32998749928
2019-07-08,305.73,314.27,303.5,313.25,9078905628,33461369498
2019-07-07,287.6,310.14,286.11,305.7,8119724981,32650611906
2019-07-06,287.89,295.99,286.67,287.55,7674615025,30707785756
2019-07-05,284.38,293.92,282.69,288,8723493015,30751916427
2019-07-04,303.03,303.96,282.77,284.52,8403513106,30377082394
2019-07-03,291.76,303.34,291.4,303.1,9926711979,32356299765
2019-07-02,293.54,295.66,272.6,291.6,10618413952,31124332021
2019-07-01,290.27,301.03,280.02,293.64,10292223948,31338571563
2019-06-30,319.58,322.79,290.7,290.7,10303111000,31020295932
2019-06-29,311.28,322.04,294.75,320.06,10929374565,34149263832
2019-06-28,294.14,313.03,292.94,311.23,11514656820,33202586960
2019-06-27,336.96,343.43,278.57,294.27,14038092503,31389390615
2019-06-26,317.99,361.4,315.95,336.75,16437084081,35916727561
2019-06-25,310.68,318.13,307.64,318.13,9641764965,33925713000
2019-06-24,307.72,312.33,299.56,310.42,8205712062,33100160024
2019-06-23,309.42,318.57,305.76,307.83,8161062380,32819043043
2019-06-22,295.12,315.19,294.73,309.38,10613731255,32980338717
2019-06-21,271.74,295.3,271.74,294.91,9331694140,31433771859
2019-06-20,269.41,274.07,265.5,271.7,6408981097,28955655290
2019-06-19,265.06,270.33,264.75,269.43,5516510947,28710780975
2019-06-18,274.32,274.32,263.14,265.05,6205242504,28240458529
2019-06-17,269.09,275.44,268.35,274.35,6009795781,29227567867
2019-06-16,268.9,278.14,265.54,269.22,9676746453,28677606760
2019-06-15,263.93,271.51,262.12,269.02,8126853944,28652203067
2019-06-14,256.18,265.37,254.15,264.09,8676891267,28123338885
2019-06-13,260.91,262.16,255.6,256.17,8442077836,27276572627
2019-06-12,245.93,261.02,244.49,260.9,8645598618,27777154177
2019-06-11,247.86,248.66,239.83,245.78,7382269700,26163906569
2019-06-10,232.83,247.66,229.34,247.52,8141159848,26345596475
2019-06-09,245.54,245.97,229.26,233.09,7566421456,24806123509
2019-06-08,251.25,252.38,243.23,245.74,7225996863,26149221979
2019-06-07,249.34,254.35,246.6,250.93,8379534528,26698353830
2019-06-06,246.93,249.94,238.5,249.47,8265146806,26540057659
2019-06-05,241.5,248.14,239.98,247.05,8548917062,26278874481
2019-06-04,252.51,252.51,236.13,241.34,10132549747,25667971281
2019-06-03,270.09,270.33,251.26,252.61,9375712917,26863086906
2019-06-02,265.51,272.81,265.04,270.23,8744111713,28732949885
2019-06-01,268.43,273.56,263.52,265.39,9942869852,28215330784
2019-05-31,256.02,268.66,249.11,268.11,11255023515,28501098831
2019-05-30,269.55,287.2,247.35,255.86,13604268584,27194892741
2019-05-29,271.78,273.76,263.09,269.46,9819132174,28636457373
2019-05-28,272.59,274.32,267.51,271.77,10362846898,28878512607
2019-05-27,267.14,278.51,265.44,272.86,12074664736,28991071396
2019-05-26,251.72,269.17,247.25,267.07,9664267731,28371943145
2019-05-25,249.69,257.36,249.09,251.76,8924985385,26742086786
2019-05-24,245.99,255.26,243.24,249.48,9929433206,26497014859
2019-05-23,244.67,247.62,233.79,245.97,10671663487,26119891327
2019-05-22,255,258.8,242.73,244.7,9818257463,25982060192
2019-05-21,251.65,262.11,248.2,255.22,11545049594,27095257004
2019-05-20,261.27,261.55,241.8,251.86,10834541285,26736046292
2019-05-19,234.45,263.74,233.76,261.29,12049250894,27733299057
2019-05-18,243.91,246.36,233.1,234.6,10933142646,24896520187
2019-05-17,263.85,266.98,227.77,243.76,16037551694,25866318005
2019-05-16,246.94,275.39,245.8,264.01,18661465873,28010958253
2019-05-15,217.01,247.45,216.82,247.15,13460006534,26219111162
2019-05-14,196.74,217.87,196.05,217.15,12751049755,23033114137
2019-05-13,187.42,205.1,185.31,196.85,10367149039,20876934045
2019-05-12,194.16,201.88,183.65,187.33,10326050090,19864635091
2019-05-11,173.14,203.47,173.14,194.3,12578331654,20602050120
2019-05-10,170.31,175.89,168.99,173.14,8036919053,18355936406
2019-05-09,170.95,172.88,167.25,170.29,6546914198,18051087500
2019-05-08,169.9,172.18,166.41,170.95,6416569598,18118602844
2019-05-07,172.43,180.39,169.69,169.8,8411140170,17994460619
2019-05-06,163.34,175.76,159.99,172.65,7540096853,18294624766
2019-05-05,164.02,165.4,159.7,163.45,5938415562,17317292591
2019-05-04,167.89,170.65,161.79,164.03,6658100049,17376070198
2019-05-03,162.08,170.07,161.08,167.95,7299410672,17789626262
2019-05-02,160.85,162.94,160.06,162.12,6044171062,17169962760
2019-05-01,162.19,164.06,159.66,160.82,5789172433,17029616915
2019-04-30,155.17,162.43,155.17,162.17,6275803460,17170110493
2019-04-29,157.29,158.33,153.19,155.2,6053776253,16430642271
2019-04-28,158.5,159.57,157.13,157.3,5379894433,16650076837
2019-04-27,156.27,160.59,155.62,158.43,5863109118,16768575998
2019-04-26,154.58,158.03,152.09,156.35,7505283355,16545462357
2019-04-25,165.91,166.51,153.85,154.46,6820332362,16343573973
2019-04-24,171.35,171.57,161.98,165.83,7351304156,17544029659
2019-04-23,172.01,176.85,170.9,171.45,7097827092,18136462572
2019-04-22,170.02,173.07,168.73,171.87,6094878077,18179292263
2019-04-21,173.72,174.42,167.43,170.05,6005571688,17983602095
2019-04-20,173.72,176.71,171.79,173.75,6142567812,18373023202
2019-04-19,173.79,173.98,170.62,173.71,6541053061,18366130180
2019-04-18,166.91,175.37,166.67,173.81,6971581464,18374913022
2019-04-17,167.55,168.94,165.5,166.95,5596102715,17647086048
2019-04-16,161.53,167.67,160.89,167.62,5180105341,17715913572
2019-04-15,167.9,168.82,159.56,161.57,5672311824,17074367783
2019-04-14,164.48,168.59,162.78,167.84,4846298303,17734050269
2019-04-13,164.62,166.36,163.01,164.51,4959301561,17380468169
2019-04-12,165.34,166.13,161.03,164.74,6237185309,17401765647
2019-04-11,177.34,177.49,162.32,165.5,7859383417,17479876008
2019-04-10,176.07,183.13,175.23,177.34,7856924879,18728058767
2019-04-09,180.22,180.25,175.09,176.11,7632529578,18596496042
2019-04-08,174.45,184.38,174.16,180.26,9304964610,19031640376
2019-04-07,165.98,175.21,164.93,174.53,7596176020,18424576820
2019-04-06,165.51,172.52,161.8,165.95,7167016221,17516082778
2019-04-05,158.02,167.22,157.44,165.51,7531316908,17468192986
2019-04-04,161.43,164.93,155.24,158.05,7953123529,16678477300
2019-04-03,164.01,178.32,157.32,161.46,10622456246,17035703564
2019-04-02,141.84,165.23,141.64,163.96,9826645698,17297572365
2019-04-01,141.47,142.73,140.74,141.83,4611999536,14960828861
2019-03-31,142.14,142.19,140.7,141.51,4249050197,14925533137
2019-03-30,142.36,149.61,141.03,142.09,5144662127,14984615423
2019-03-29,139.34,142.55,138.05,142.5,5125602702,15025361637
2019-03-28,141.01,141.01,138.43,139.42,4163212475,14698609599
2019-03-27,135.45,141.08,135.34,140.99,5228240093,14862394451
2019-03-26,135.05,135.46,133.76,135.46,4499271679,14277816266
2019-03-25,137.08,137.7,133.49,135.03,4480516753,14230733149
2019-03-24,138.32,138.38,136.31,136.99,4266845458,14434995337
2019-03-23,137.04,139.39,136.91,138.24,4436568613,14565143357
2019-03-22,136.56,138.79,136.23,137.18,4490899266,14451740115
2019-03-21,140.48,141,135.86,136.64,5087247796,14392427839
2019-03-20,140.48,140.95,138.31,140.69,4664134462,14817151375
2019-03-19,139.25,140.99,139.14,140.52,4251488129,14797612389
2019-03-18,140.1,142.27,138.84,139.37,4551739879,14675181094
2019-03-17,142.24,142.37,139.32,140,3827157729,14739201597
2019-03-16,137.91,144.56,137.91,142.4,4839003569,14989691491
2019-03-15,133.57,138.4,133.57,137.69,4506861856,14492364551
2019-03-14,133.2,135.18,132.75,133.71,4476532147,14071628064
2019-03-13,134.61,134.61,132.72,133.26,4265162099,14022610219
2019-03-12,134.01,135.27,130.94,134.44,4709988000,14144929392
2019-03-11,136.85,137.35,133.1,133.83,4689807419,14079044648
2019-03-10,138.18,138.27,135.69,136.76,4578438499,14384860876
2019-03-09,134.89,139.12,134.68,137.97,5011918715,14509873018
2019-03-08,138.31,139.5,133.56,135.13,4678816794,14209542041
2019-03-07,138.94,140.86,137.27,138.03,4339206292,14513398954
2019-03-06,137.96,139.97,136.15,138.79,4589054219,14590867639
2019-03-05,127.79,138.23,126.74,137.82,4764849990,14492117352
2019-03-04,132.16,132.73,125.4,127.77,4008171341,13432896659
2019-03-03,134.79,135.85,131.33,132.25,3454374053,13900679027
2019-03-02,136.35,137.18,132.44,134.21,3747176425,14103698392
2019-03-01,136.84,139,136.43,136.44,3756124824,14335957425
2019-02-28,136.28,138.85,135.66,136.75,4535438953,14365118213
2019-02-27,138.03,141.34,131.6,136.13,4469776860,14298070644
2019-02-26,139.65,139.98,136.58,138.09,3791292839,14502464167
2019-02-25,135.5,142.53,135.48,139.82,4914392068,14682597926
2019-02-24,158.9,165.55,135.85,135.85,5957715043,14263873721
2019-02-23,148.68,159.13,147.33,158.8,4519468458,16670632412
2019-02-22,146.07,149.27,145.21,149.09,3731099284,15649961167
2019-02-21,149.35,149.35,144.56,146.13,3995766856,15337145738
2019-02-20,145.17,149.55,142.5,149.55,4500094965,15694462393
2019-02-19,146.4,149.93,145.13,145.35,5310842625,15250901019
2019-02-18,133.03,147.69,133,146.1,5387525773,15327852479
2019-02-17,123.18,134.46,123.09,133.6,4236081130,14014695490
2019-02-16,122.4,124.13,122.3,123.26,2905833287,12928550184
2019-02-15,121.45,123.66,121.37,122.1,3021741615,12805280766
2019-02-14,122.42,124.45,121.33,121.39,3331701628,12729213675
2019-02-13,122.54,125.55,121.61,122.55,3386585799,12849605819
2019-02-12,121.18,123.47,119.6,122.57,3149576429,12849965122
2019-02-11,124.87,124.87,120.31,121.3,3222473887,12714795026
2019-02-10,119.41,124.85,117.11,124.81,3148766590,13080881910
2019-02-09,119.21,120.69,118,119.43,2884650400,12515870173
2019-02-08,104.65,119.81,104.19,119.27,3656841347,12496945336
2019-02-07,104.84,106.06,104.41,104.54,2326764622,10951652648
2019-02-06,107.57,107.57,102.93,104.92,2593048199,10990266833
2019-02-05,107.63,108.13,106.91,107.44,2515863999,11253035388
2019-02-04,107.63,108.7,107.07,107.82,2491888675,11290969364
2019-02-03,110.49,110.83,106.56,107.49,2519334757,11254870706
2019-02-02,107.47,110.65,106.76,110.43,2385157838,11560765573
2019-02-01,107.15,108.64,105.05,107.61,2541271519,11263815610
2019-01-31,108.9,110.46,106.53,107.06,2828796031,11204735502
2019-01-30,105.41,109.45,104.84,108.91,2874370355,11396282341
2019-01-29,106.72,107.17,104,105.6,2900418606,11048347342
2019-01-28,113.29,113.69,103.34,106.59,3366895505,11150461958
2019-01-27,116.51,116.69,113.41,113.41,2775888287,11861671822
2019-01-26,116.37,118.08,115.98,116.49,2412181169,12182338148
2019-01-25,117.59,117.8,115.83,116.38,2606881898,12168932300
2019-01-24,117.46,118.03,116.01,117.36,2520843420,12269992351
2019-01-23,118.71,119.42,116.38,117.45,2556952198,12277481872
2019-01-22,117.11,119.66,114.68,118.75,2552507405,12410972241
2019-01-21,119.64,119.72,116.16,117.16,2421720343,12242940197
2019-01-20,124.63,125.07,118.7,119.47,2964108269,12483136112
2019-01-19,121.61,125.9,121.16,124.52,3048261797,13007954846
2019-01-18,123.65,123.84,120.24,121.01,2305389800,12639234713
2019-01-17,123.57,124.27,120.82,123.74,2594091285,12922347330
2019-01-16,121.81,127.12,121.44,123.55,2746469340,12899812275
2019-01-15,129.17,130.74,120.31,122.03,2735449164,12739543688
2019-01-14,116.98,130.86,116.97,129.07,2798085735,13471754802
2019-01-13,125.91,126.27,116.09,116.9,2268263944,12199288487
2019-01-12,127.53,128.67,125.45,125.97,2212109224,13143426380
2019-01-11,127.81,130.17,125.24,127.55,2667585234,13306214134
2019-01-10,150.84,152.15,126.53,128.63,3397734456,13416263931
2019-01-09,150.55,153.62,150.29,150.8,2369241197,15726845712
2019-01-08,151.97,153.63,148.67,150.36,2459808140,15677889902
2019-01-07,157.81,158.45,151.15,151.7,2712108388,15814868678
2019-01-06,155.8,159.37,152.09,157.75,3231294371,16442429109
2019-01-05,154.34,160.82,154.34,155.64,3338211928,16219974745
2019-01-04,148.91,156.88,147.91,154.58,3126192535,16107068093
2019-01-03,155.2,155.86,147.2,149.14,2676164880,15536849936
2019-01-02,141.52,156.93,140.65,155.05,3328240369,16150049902
2019-01-01,133.42,141.4,132.65,140.82,2258709868,14665318370
2018-12-31,140.03,140.18,132.52,133.37,2358360234,13886837730
2018-12-30,137.63,140.69,133.98,139.86,2660086834,14560066114
2018-12-29,138.47,147.03,134.57,138.02,3169029972,14365797196
2018-12-28,116.9,137.65,115.69,137.65,3130201009,14324511544
2018-12-27,131.92,132.68,115.65,116.58,2612804378,12129493222
2018-12-26,129.89,136.68,126.29,131.87,2720469126,13717858346
2018-12-25,141,141,125.11,129.84,3298280609,13505089290
2018-12-24,130.64,157.67,130.64,140.24,4370343387,14583457940
2018-12-23,117.27,133.08,117.27,130.77,3579715061,13595887732
2018-12-22,109.46,116.76,107.5,116.76,2338772939,12137481655
2018-12-21,115.84,119.09,107.58,109.5,2632539990,11380357569
2018-12-20,101.09,117.17,100.64,116.22,3063842618,12076674311
2018-12-19,101.68,108.55,100.69,101.27,2456482115,10521416481
2018-12-18,95.11,101.32,92.97,101.11,2277514076,10503295749
2018-12-17,85.38,96.81,85.38,95.13,2101453024,9880456239
2018-12-16,84.47,87.57,84.47,85.26,1565817037,8853567311
2018-12-15,84.28,85.34,82.83,84.44,1496176898,8766638124
2018-12-14,86.63,87.14,83.23,84.31,1651491877,8751209554
2018-12-13,90.66,91.11,85.52,86.54,1754475622,8981108543
2018-12-12,88.61,92.24,88.26,90.59,1533050103,9400044026
2018-12-11,91.58,92.78,87.69,88.95,1707497898,9227301064
2018-12-10,94.99,96.26,90.65,91.69,1756437577,9509816315
2018-12-09,92.04,98.9,91.03,95.14,1875567180,9866414732
2018-12-08,93.41,97.06,86.83,92.16,1855759401,9555327946
2018-12-07,91.65,96.09,83.47,93.29,2554304530,9671177427
2018-12-06,102.45,104.1,91.76,91.76,2310716932,9510417097
2018-12-05,110.34,110.6,102.48,102.48,1990157607,10618884099
2018-12-04,108.8,113.14,107.4,110.21,1748116495,11418617063
2018-12-03,116.38,116.62,107.42,108.93,1772756193,11282911404
2018-12-02,118.27,120.56,116.09,116.39,1856199149,12053770487
2018-12-01,113.4,120.84,111.62,118.64,2131475768,12284117522
2018-11-30,117.73,119.42,111.74,113.17,2020748396,11716096076
2018-11-29,122.72,123.23,115.3,117.54,2196099151,12166285642
2018-11-28,110.2,126.05,110.2,122.44,2673470000,12670491119
2018-11-27,107.91,111.84,102.45,110.01,2320010000,11382216773
2018-11-26,116.34,118.2,104.89,108.34,2139490000,11206775318
2018-11-25,113.13,118.88,101.77,116.45,2466750000,12043900588
2018-11-24,123.3,126.79,110.83,113.49,1800960000,11735901799
2018-11-23,126.42,127.03,119.56,123.3,1998010000,12747016419
2018-11-22,136.81,137.74,126.71,126.71,1792150000,13097009562
2018-11-21,131.14,138.89,125.76,136.7,2685930000,14127420909
2018-11-20,148.81,151.25,126.36,130.34,3134410000,13467303239
2018-11-19,177.18,177.18,147.85,149.18,2745160000,15410551811
2018-11-18,174.18,179.15,174.18,177.07,1810920000,18288411984
2018-11-17,175.36,175.85,172.87,174,1832800000,17968221715
2018-11-16,180.87,181.35,173.13,175.18,2015330000,18086156169
2018-11-15,181.9,184.25,170.19,180.81,2638410000,18663659629
2018-11-14,206.53,207.05,174.08,181.4,2595330000,18721032761
2018-11-13,210.15,210.52,206.14,206.83,1610260000,21341261802
2018-11-12,211.51,212.62,208.92,210.42,1452380000,21707637540
2018-11-11,212.48,213,208.87,211.34,1501600000,21798464881
2018-11-10,209.98,213.86,209.81,212.53,1377760000,21917195708
2018-11-09,211.99,213.32,209.52,210.07,1554750000,21659329261
2018-11-08,217.33,218.34,212.2,212.23,1769080000,21877424057
2018-11-07,218.9,221.65,216.8,217.18,1927830000,22383497662
2018-11-06,209.47,218.45,207.89,218.45,1856940000,22445690692
2018-11-05,207.1,210.82,206.57,209.09,1613510000,21540996877
2018-11-04,200.16,211.27,198.99,207.49,1749300000,21371416840
2018-11-03,200.74,200.74,199.53,200.19,1307150000,20615439151
2018-11-02,198.98,201.27,198.76,200.64,1451870000,20657629735
2018-11-01,197.54,203.75,197.33,198.87,1336700000,20472105764
2018-10-31,197.65,198.34,196.53,197.38,1442380000,20314628127
2018-10-30,197.2,198.12,196.35,197.56,1363500000,20328580026
2018-10-29,205.17,205.6,195.73,197.25,1517230000,20292811278
2018-10-28,204.51,205.92,203.52,205.37,1139140000,21123907349
2018-10-27,203.36,206.08,203.13,204.21,1084810000,21000852987
2018-10-26,202.34,204.78,201.55,203.33,1161310000,20906130835
2018-10-25,203.87,204.13,201.82,202.72,1102900000,20839259066
2018-10-24,204.13,205.58,203.35,203.85,1102220000,20951603018
2018-10-23,204.02,205.15,201.91,204.34,1237490000,20997181867
2018-10-22,205.17,206.93,203.38,204.04,1328980000,20962977292
2018-10-21,205.39,208.16,204.62,205.14,1190300000,21071630786
2018-10-20,203.52,206.22,203.09,205.43,1238780000,21097037289
2018-10-19,203.26,204.66,201.84,203.73,1264480000,20917973393
2018-10-18,207.4,208.47,201.74,203.35,1365860000,20875341345
2018-10-17,210.22,211.13,205.93,207.08,1444130000,21254117736
2018-10-16,209.63,212.17,207.98,210.12,1532280000,21561538445
2018-10-15,195.27,222.12,194.16,209.7,2865830000,21514574462
2018-10-14,199.69,201.83,195.24,195.72,1169260000,20075397007
2018-10-13,196.36,201.28,196.36,199.84,1167610000,20494529773
2018-10-12,188.71,199.4,188.71,196.73,1487900000,20171157774
2018-10-11,225.61,225.61,189.28,189.5,2167620000,19426181717
2018-10-10,227.62,227.71,224.5,225.77,1384040000,23139713070
2018-10-09,229.71,230.16,226.4,227.98,1405130000,23361891401
2018-10-08,226.51,230.77,224.56,229.26,1470740000,23487673000
2018-10-07,225.44,226.37,223,226.12,1470480000,23161767973
2018-10-06,227.55,227.93,224.25,225.12,1505070000,23054817089
2018-10-05,222.27,228.32,220.96,227.6,1547330000,23304234601
2018-10-04,220.45,226.15,220.09,222.22,1479500000,22748580859
2018-10-03,226.41,226.46,213.97,220.49,1683930000,22567089086
2018-10-02,231.1,231.17,225.84,227.18,1542080000,23247403474
2018-10-01,233.22,234.15,226.95,230.77,1597500000,23609728018
2018-09-30,231.33,236.99,228.45,232.85,1765560000,23817805502
2018-09-29,221.71,234.01,216.08,231.64,2208720000,23688983896
2018-09-28,229.04,231.75,218.67,222.4,2018120000,22740233568
2018-09-27,215.44,230.61,212.65,228.49,2030320000,23358464739
2018-09-26,218.65,221.44,209.11,215.85,1756100000,22061164303
2018-09-25,228.33,228.33,206.49,218.51,2120360000,22328327983
2018-09-24,244.84,245.11,227.49,228.73,1748740000,23368514475
2018-09-23,240.99,247.46,237.86,244.33,1693470000,24957339670
2018-09-22,247.34,251.2,233.81,240.48,1921820000,24559189741
2018-09-21,225.25,248.39,221.57,246.58,2836200000,25177561991
2018-09-20,210.29,224.82,207.79,224.59,1782070000,22927300808
2018-09-19,209.47,213.87,201.66,209.97,1733330000,21430323331
2018-09-18,197.1,213.36,195.93,209.98,1800640000,21426628309
2018-09-17,221.58,224.26,195.31,197.88,2019910000,20187902505
2018-09-16,222.8,222.8,211.12,220.59,1502260000,22500748646
2018-09-15,209.81,226.6,209.61,223.07,1670490000,22749647321
2018-09-14,212.67,222.79,204.87,211.75,2232190000,21590366996
2018-09-13,183.68,214,183.68,211.35,2330720000,21545775837
2018-09-12,185.42,185.59,170.26,183.33,1874850000,18685319378
2018-09-11,198.18,198.51,180.6,185.07,1568900000,18858381966
2018-09-10,197.85,201.88,189.58,197.08,1502960000,20078523984
2018-09-09,198.39,207.67,188.31,196.92,1585980000,20058708800
2018-09-08,217.91,220.37,193.26,197.95,1517200000,20159309964
2018-09-07,229.54,233.9,217.08,217.2,1678260000,22115522904
2018-09-06,231.65,231.76,218.12,230.22,2097310000,23435751842
2018-09-05,286.05,288.16,232.33,232.33,2390390000,23646371777
2018-09-04,289.3,291.58,284.26,285.72,1554870000,29074743101
2018-09-03,295.18,295.59,287.43,289.26,1394490000,29428616901
2018-09-02,295.45,298.69,290.93,294.37,1321050000,29942718225
2018-09-01,283.5,301.14,283.5,295.34,1546630000,30035327410
2018-08-31,284.12,284.55,278.51,283,1411910000,28774922508
2018-08-30,289.75,291.24,275.21,284.11,1513100000,28881058148
2018-08-29,296.16,297.07,287.29,289.31,1474460000,29404459725
2018-08-28,286.65,297.4,283.57,296.5,1513350000,30128902937
2018-08-27,275.35,285.6,273.65,285.6,1406790000,29015874948
2018-08-26,279.53,279.53,272.44,275.2,1206650000,27953028997
2018-08-25,283.28,283.52,278.47,279.65,1208360000,28399212923
2018-08-24,278.11,283.3,273.86,282.97,1450170000,28730705349
2018-08-23,271.75,279.55,271.09,277.1,1271160000,28129662664
2018-08-22,281.97,297.49,265,271.34,1507660000,27539119679
2018-08-21,273.33,285.97,273.33,281.94,1164120000,28609531323
2018-08-20,301.38,304.37,273.51,274.32,1413790000,27829775231
2018-08-19,295.67,307.1,291.33,300.83,1447910000,30514025774
2018-08-18,316.79,320.45,286.55,295.81,1764020000,29998584852
2018-08-17,287.68,316.17,287.35,315.73,1995460000,32011921283
2018-08-16,282.74,298.48,280.93,288.05,1552970000,29199228646
2018-08-15,280.39,303.59,280.12,282.36,1878150000,28617473116
2018-08-14,286.37,286.37,254.65,278.93,2137850000,28263969132
2018-08-13,320.21,323.55,284.93,286.5,1751190000,29024490503
2018-08-12,320.82,328.59,318.6,319.57,1625420000,32368768332
2018-08-11,334.26,334.26,308.49,322.11,1790370000,32619681420
2018-08-10,365.78,367.05,329.59,334.18,1699400000,33834485092
2018-08-09,356.97,370.95,353.61,365.59,1616610000,37007391031
2018-08-08,379.89,380.67,353.73,356.61,2016080000,36091566801
2018-08-07,406.8,411.41,376.08,380.22,1828350000,38472420233
2018-08-06,410.57,414.54,403.32,406.66,1384880000,41139790462
2018-08-05,407.35,413.72,402.43,410.52,1396820000,41521715110
2018-08-04,418.24,420.19,403.78,407.25,1466540000,41183215694
2018-08-03,412.57,420.55,399.91,418.26,1722340000,42287977978
2018-08-02,420.81,425.03,410.31,412.62,1569300000,41709183608
2018-08-01,433.87,435.46,410.46,420.75,1888060000,42521937218
2018-07-31,457.25,457.25,430.44,433.87,1820680000,43839034237
2018-07-30,466.83,467.95,448.64,457.08,2141590000,46175217427
2018-07-29,466.92,470.36,462.71,466.67,1631910016,47133881666
2018-07-28,469.68,471.59,462.99,466.9,1531890048,47147853886
2018-07-27,464.01,473.22,458.29,469.67,1734259968,47417755376
2018-07-26,472.33,483.7,461.42,464.04,1621560064,46839932193
2018-07-25,479.91,482.87,466.47,472.49,1930780032,47683830874
2018-07-24,451.14,481.14,450.57,479.37,2287520000,48368209917
2018-07-23,459.44,469.77,449.73,450.85,1596999936,45481301491
2018-07-22,462.44,470.9,458.12,459.66,1338589952,46360029757
2018-07-21,450.68,468.08,445.78,462.44,1504310016,46630720739
2018-07-20,469.31,469.31,443.69,450.7,1821350016,45437819522
2018-07-19,480.63,483.24,465.14,469.62,2068739968,47335899963
2018-07-18,500.84,513.43,474.36,480.51,2371559936,48424155624
2018-07-17,480.08,508.78,468.92,501,2288100096,50478766285
2018-07-16,450.42,480.66,446.8,480.66,1858680064,48419026521
2018-07-15,435.88,454,433.92,449.85,1350160000,45306414380
2018-07-14,434.51,439.43,431.47,436.09,1235820032,43911193561
2018-07-13,430.74,442.36,430.74,434.03,1489670016,43694988769
2018-07-12,446.5,446.5,422.81,430.07,1495440000,43288294177
2018-07-11,434.52,447.32,429.51,446.52,1422470016,44934271235
2018-07-10,476.16,478.32,433.96,434.42,1789069952,43708241775
2018-07-09,488.88,490.85,475.17,476.68,1533799936,47950212027
2018-07-08,492.07,503.2,488.42,489.12,1344560000,49191161178
2018-07-07,474.06,491.66,466.84,491.66,1358360064,49436674025
2018-07-06,474.36,479.65,457.61,474.01,1627609984,47652424064
2018-07-05,467.29,483.23,464.63,474.41,1828610048,47682968020
2018-07-04,464.15,481.44,455.18,467.32,1549769984,46960391871
2018-07-03,475.39,483.85,462.58,464.2,1683939968,46637067239
2018-07-02,453.82,479.13,447.11,475.35,1625789952,47747743959
2018-07-01,455.24,457.14,446.39,453.92,1511730048,45585861718
2018-06-30,436.21,458.8,436.21,455.18,1475939968,45703302056
2018-06-29,422.59,441.79,407.95,436.01,1564499968,43769409548
2018-06-28,442.29,443.62,419.68,422.36,1360790016,42391125054
2018-06-27,432.24,444.24,424.84,442.36,1368940032,44389430889
2018-06-26,460.73,461.21,432.77,432.77,1356560000,43417898248
2018-06-25,455.94,470.34,448.9,460.31,4007950080,46171165114
2018-06-24,474.77,475.36,426.47,457.67,2490579968,45897156207
2018-06-23,466.27,479.13,462.39,474.52,1651379968,47577076102
2018-06-22,527.19,527.19,456.88,465.82,2226030080,46694859628
2018-06-21,536.45,543.72,524.26,527.37,1462070016,52853921455
2018-06-20,538.51,541.02,519.37,536.27,1596290048,53735032875
2018-06-19,519.02,542.35,516.31,537.96,1726569984,53893191559
2018-06-18,499.38,521.8,494.07,518.89,1513869952,51972519171
2018-06-17,499.46,507.64,498.65,500.45,1264870016,50114921288
2018-06-16,490.41,503.22,488.85,499.64,1314109952,50024018701
2018-06-15,520.48,521.3,487.47,491,1808269952,49149084090
2018-06-14,478.38,523.54,467.47,519.74,2458650112,52015066663
2018-06-13,498.02,501.9,459,477.49,2080130048,47777150787
2018-06-12,532.71,538.96,491.23,496.84,1932760064,49702985162
2018-06-11,524.86,536.86,515.27,533.28,1982119936,53337466294
2018-06-10,594.34,594.34,511.89,526.48,2234880000,52645885461
2018-06-09,600.91,608.58,597.56,597.56,1519309952,59741701633
2018-06-08,605.44,608.81,595.59,601.08,1637779968,60080608858
2018-06-07,607.69,616.14,601.69,605.19,1880140032,60478879395
2018-06-06,610.26,611.64,596.4,607.12,1756530048,60659842641
2018-06-05,593.41,611.33,580.98,609.3,1844269952,60864980395
2018-06-04,619.44,623.43,583.75,592.98,1903430016,59222873880
2018-06-03,591.26,624.51,591.26,618.33,1832550016,61740821846
2018-06-02,580.43,597.08,577.32,591.81,1880390016,59080880117
2018-06-01,578.67,589.09,567.66,580.04,1945890048,57894350583
2018-05-31,558.5,585.54,557.07,577.65,1985040000,57643138807
2018-05-30,566.83,583.14,545.43,559.59,2053970048,55829809817
2018-05-29,516.15,572.26,516.15,565.39,2330820096,56396587656
2018-05-28,573.04,576.05,512.55,516.04,2356900096,51463146627
2018-05-27,588.52,590.33,562.87,572.67,1788790016,57099072056
2018-05-26,587.43,606.17,583.51,587.28,1694300032,58544016481
2018-05-25,602.14,617.19,575.62,586.73,2110919936,58477440268
2018-05-24,584.54,610.82,557.21,601.76,2791099904,59962094302
2018-05-23,646.67,651.64,572.95,583.59,2995429888,58139666822
2018-05-22,700.18,700.98,644.03,647.74,2230469888,64517663406
2018-05-21,717.19,719.28,692.49,699.22,2005170048,69631032596
2018-05-20,697.92,723.75,692.67,715.37,2156910080,71224213260
2018-05-19,695.07,715.58,686.79,696.53,2021549952,69334147807
2018-05-18,672.1,695.03,663.81,694.37,2305740032,69104455849
2018-05-17,708.72,718.83,668.83,672.66,2350619904,66929938612
2018-05-16,708.09,710.2,682.54,707.05,2476130048,70337446111
2018-05-15,731.14,739.05,700.99,708.87,2523069952,70504110201
2018-05-14,732.73,742.17,695.79,730.55,3005110016,72645181706
2018-05-13,687.17,741.31,675.32,733.5,2362500096,72923278119
2018-05-12,679.88,691.41,644.07,686.05,2668480000,68192028458
2018-05-11,727.01,736.98,669.83,679.59,3290080000,67535702572
2018-05-10,752.58,766.75,726.66,727.28,2748950016,72260117775
2018-05-09,752.9,759.53,718.47,752.28,2877870080,74728439730
2018-05-08,755.01,774.25,728.13,752.86,2920489984,74770813968
2018-05-07,793.34,795.76,710.18,753.72,4316120064,74841655792
2018-05-06,816.09,835.06,764.88,792.31,3105570048,78656662788
2018-05-05,784.58,827.46,784.24,816.12,3035040000,81003446783
2018-05-04,776.78,803.75,762.63,785.62,3533410048,77960306236
2018-05-03,686.59,784.34,686.59,779.54,4210939904,77340839220
2018-05-02,674.08,688.84,667.42,687.15,2822269952,68159979253
2018-05-01,670.46,674.4,637.54,673.61,2678960128,66803233984
2018-04-30,689.76,694.44,666.12,669.92,2853100032,66423712256
2018-04-29,683.91,697.76,670.51,688.88,2740559872,68289153706
2018-04-28,644.65,691.44,644.65,683.68,2496659968,67759208004
2018-04-27,662.11,684.87,647.03,647.03,2598129920,64114105428
2018-04-26,618.08,663.18,604.01,662.81,2984009984,65663946135
2018-04-25,707.06,707.06,600.21,615.42,4216140032,60955966711
2018-04-24,643.4,708.88,643.4,708.16,3581860096,70127342534
2018-04-23,621.2,646.7,621.03,642.55,2386830080,63617020167
2018-04-22,606.12,640.77,593.87,621.86,2426269952,61556034015
2018-04-21,616,621.89,578.55,605.4,2612460032,59913832194
2018-04-20,567.99,618.72,560.28,615.72,2849469952,60922818296
2018-04-19,524.04,567.89,523.26,567.89,2256869888,56178772001
2018-04-18,503.31,525.09,503.05,524.79,1762940032,51904227886
2018-04-17,511.14,518.03,502.56,502.89,1760359936,49728519115
2018-04-16,532.07,534.2,500.25,511.15,1758979968,50534185799
2018-04-15,502.88,531.7,502.88,531.7,1726089984,52555419462
2018-04-14,492.58,512.02,488.28,501.48,1519079936,49557725333
2018-04-13,493.16,526.47,482.66,492.73,2419249920,48683660481
2018-04-12,430.16,493.06,417.41,492.94,2519360000,48693844481
2018-04-11,415.02,430.54,412.47,430.54,1439040000,42521044920
2018-04-10,399.41,415.89,393.88,414.24,1196000000,40903130396
2018-04-09,400.86,429.25,390.61,398.53,1478390016,39343018191
2018-04-08,385.74,402.59,385.6,400.51,"9484,88,000",39530560784
2018-04-07,370.38,393.06,369.94,385.31,"9514,75,008",38023057371
2018-04-06,382.73,385.2,366.91,370.29,"9671,05,984",36532478896
2018-04-05,379.95,387.72,369.82,383.23,1210680064,37802008408
2018-04-04,416.48,417.47,375.31,380.54,1287730048,37528933631
2018-04-03,387.31,418.97,383.53,416.89,1363399936,41105280498
2018-04-02,379.7,395.17,377.59,386.42,1102259968,38093277842
2018-04-01,397.25,400.53,363.8,379.61,1256930048,37413407420
2018-03-31,395,418.47,392.95,396.46,1323920000,39066085342
2018-03-30,385.9,409.93,368.63,394.64,1878130048,38879465944
2018-03-29,448.08,450.81,385.81,385.97,1970230016,38016727209
2018-03-28,450.29,466.21,444.86,446.28,1514179968,43948072321
2018-03-27,489.59,491.46,449.97,450.12,1617939968,44316774118
2018-03-26,524.29,526.38,470.44,489.95,1638880000,48228842327
2018-03-25,522.7,535.82,515.66,524.29,1151170048,51598047955
2018-03-24,542.57,545.38,526.08,526.44,1300009984,51799123912
2018-03-23,539.86,540.49,512.13,539.62,1596349952,53084905906
2018-03-22,562.1,577.57,523.09,539.7,1523459968,53082150649
2018-03-21,559.1,589.61,550.57,561.73,1781270016,55237391316
2018-03-20,556.72,567.09,521.2,557.17,1833680000,54777982164
2018-03-19,546.63,558.1,519.12,556.73,2046790016,54722473140
2018-03-18,551.64,551.64,460.09,538.64,2685499904,52934184182
2018-03-17,601.68,609.15,549.1,552.78,1267810048,54312035489
2018-03-16,611.78,623.17,587.86,601.67,1417350016,59103031871
2018-03-15,614.84,620.62,579.51,611.3,1770460032,60037233577
2018-03-14,691.22,702.78,594.1,614.29,1810560000,60318025226
2018-03-13,698.15,713.73,682.35,690.83,1425959936,67819092121
2018-03-12,724.41,742.51,683.27,699.83,1764999936,68688764839
2018-03-11,685.31,735.83,668.12,723.34,1562680064,70981343639
2018-03-10,730.16,748.03,682.7,686.89,1532960000,67390487259
2018-03-09,702.2,729.16,648.11,728.92,2233019904,71498733754
2018-03-08,752.57,773.77,696.17,704.6,1891640064,69098851661
2018-03-07,816.27,825.61,726.55,752.83,2175419904,73813918307
2018-03-06,853.82,853.82,809.93,816.95,1943069952,80083929891
2018-03-05,866.85,869.92,853.52,853.68,1898489984,83667342992
2018-03-04,856.19,867.95,840.28,866.68,1697939968,84923240778
2018-03-03,856.71,868.45,855.21,857.22,1699369984,83979651073
2018-03-02,871.76,876.38,852.42,856.85,1894419968,83925690001
2018-03-01,856.01,880.3,851.92,872.2,1868519936,85410827047
2018-02-28,877.93,890.11,855.12,855.2,1963980032,83728564149
2018-02-27,870.36,896.26,867.1,878.27,2053980032,85968788108
2018-02-26,845.28,880.39,842.32,869.32,2044480000,85074973200
2018-02-25,839.46,853.15,822.38,844.81,1646960000,82659602549
2018-02-24,861.59,879.53,818.55,840.52,1926579968,82222377928
2018-02-23,811.59,886.32,794.79,864.19,2334820096,84520567485
2018-02-22,849.26,875.93,802.67,812.84,2150370048,79482140044
2018-02-21,894.14,912.38,830.56,849.97,2531729920,83095081059
2018-02-20,943.57,965.27,892.95,895.37,2545260032,87514997546
2018-02-19,921.67,957.78,921.55,943.86,2169019904,92235641556
2018-02-18,973.35,982.93,915.45,923.92,2567290112,90267805476
2018-02-17,944.75,976.59,940.75,974.11,2525720064,95151956513
2018-02-16,934.79,950.01,917.85,944.21,2369449984,92211437654
2018-02-15,923.73,951.95,911.11,936.98,2900100096,91485862822
2018-02-14,844.28,926.43,844.28,923.56,2818370048,90157005929
2018-02-13,869.29,870.71,828.84,845.26,2081170048,82496189206
2018-02-12,817.51,875.94,817.51,868.71,2243450112,84767037716
2018-02-11,859.29,859.29,788.22,814.66,2486650112,79476512347
2018-02-10,882.47,917.4,825.58,860.41,2930530048,83922989198
2018-02-09,818.48,884,788.83,883.86,2495820032,86191922699
2018-02-08,755.84,845.09,755.84,817.81,3708189952,79733609806
2018-02-07,790.43,851.2,723.43,757.07,3896179968,73796288509
2018-02-06,707.74,796.44,574.42,793.12,6518269952,77294507868
2018-02-05,834.96,856.65,644.6,697.95,4269530112,68005284183
2018-02-04,964.67,969.03,805.06,834.68,2997090048,81310521832
2018-02-03,919.21,991.94,847.69,964.02,3243480064,93890299032
2018-02-02,"1,035.77","1,035.77",757.98,915.78,6713290240,89173962074
2018-02-01,"1,119.37","1,161.35",984.82,"1,036.79",5261680128,1.00935E+11
2018-01-31,"1,071.09","1,128.66","1,034.50","1,118.31",3757560064,1.08849E+11
2018-01-30,"1,184.13","1,184.63","1,058.97","1,071.13",4107859968,1.04234E+11
2018-01-29,"1,246.70","1,256.70","1,169.08","1,182.36",3715079936,1.15035E+11
2018-01-28,"1,111.78","1,257.77","1,111.78","1,246.01",5372329984,1.21202E+11
2018-01-27,"1,055.75","1,121.98","1,042.12","1,107.07",3002870016,1.07664E+11
2018-01-26,"1,052.70","1,080.60",996.78,"1,055.17",3617690112,1.02595E+11
2018-01-25,"1,063.22","1,104.66","1,034.74","1,056.03",4050190080,1.02657E+11
2018-01-24,987.48,"1,062.44",965.81,"1,058.78",3944039936,1.02903E+11
2018-01-23,"1,004.17","1,023.23",920.54,986.23,3556699904,95831359552
2018-01-22,"1,055.35","1,089.10",930.74,"1,003.26",3810099968,97465684890
2018-01-21,"1,155.68","1,155.68","1,021.50","1,049.58",3378089984,1.01944E+11
2018-01-20,"1,044.95","1,167.11","1,044.95","1,155.15",3975190016,1.12174E+11
2018-01-19,"1,028.82","1,093.22","1,003.71","1,039.10",4084450048,1.00883E+11
2018-01-18,"1,016.44","1,100.31",967.76,"1,036.28",5938319872,1.00588E+11
2018-01-17,"1,061.34","1,090.23",780.92,"1,014.25",8545160192,98429091487
2018-01-16,"1,292.63","1,292.63",875.54,"1,053.69",8405139968,1.02231E+11
2018-01-15,"1,365.21","1,390.59","1,290.60","1,291.92",4781100032,1.2532E+11
2018-01-14,"1,397.48","1,400.56","1,286.21","1,366.77",4841630208,1.32555E+11
2018-01-13,"1,270.47","1,432.88","1,270.47","1,396.42",5746760192,1.35401E+11
2018-01-12,"1,158.29","1,296.04","1,120.09","1,273.20",5222300160,1.23427E+11
2018-01-11,"1,268.09","1,337.30","1,135.17","1,154.93",7235899904,1.11937E+11
2018-01-10,"1,300.34","1,417.38","1,226.60","1,255.82",9214950400,1.21689E+11
2018-01-09,"1,146.00","1,320.98","1,145.49","1,299.74",7965459968,1.25918E+11
2018-01-08,"1,158.26","1,266.93","1,016.05","1,148.53",8450970112,1.11245E+11
2018-01-07,"1,043.01","1,153.17","1,043.01","1,153.17",5569880064,1.11671E+11
2018-01-06,995.15,"1,060.71",994.62,"1,041.68",4662219776,1.00852E+11
2018-01-05,975.75,"1,075.39",956.33,997.72,6683149824,96574936368
2018-01-04,961.71,"1,045.08",946.09,980.92,6502859776,94924308783
2018-01-03,886,974.47,868.45,962.72,5093159936,93146829617
2018-01-02,772.35,914.83,772.35,884.44,5783349760,85552984077
2018-01-01,755.76,782.53,742,772.64,2595760128,74724233458
2017-12-31,712.21,760.35,710.12,756.73,2554269952,73170170967
2017-12-30,753.82,753.82,685.23,717.26,3187780096,69338470696
2017-12-29,740.39,770.12,729.61,753.59,2648969984,72835328712
2017-12-28,762.21,763.32,701.19,737.02,2389149952,71219054808
2017-12-27,774.97,789.25,738.41,762.84,2100029952,73698377070
2017-12-26,763.37,786.79,760.93,773.84,2201159936,74744613931
2017-12-25,698.87,782.52,698.87,765.83,2491760128,73955757349
2017-12-24,721.77,721.77,614.92,694.15,2300549888,67019237420
2017-12-23,681.32,763.9,679.73,719.39,2480339968,69441297649
2017-12-22,822.64,827.68,543.76,674.86,4977710080,65129109277
2017-12-21,820.24,880.54,792.69,821.06,3569060096,79221896341
2017-12-20,827.52,845.06,756,819.09,3969939968,79014430828
2017-12-19,793.9,881.94,785.34,826.82,4096549888,79743740362
2017-12-18,721.73,803.93,689.23,794.65,3249230080,76623897492
2017-12-17,696.24,735.83,696.24,719.97,2147389952,69409025338
2017-12-16,686.19,718.39,680.79,696.21,2165690112,67103695920
2017-12-15,696.38,697.13,621.06,684.45,2758710016,65956174321
2017-12-14,700.59,753.12,664.99,695.82,3821580032,67036917107
2017-12-13,644.91,747.99,597.8,702.77,4524539904,67692231422
2017-12-12,522.29,657.32,504.49,651.43,5179829760,62733982232
2017-12-11,440.36,516.97,439.1,515.14,1771440000,49597927198
2017-12-10,472.79,472.79,429.51,441.72,1404179968,42520479602
2017-12-09,457.34,504.15,456.25,473.5,2003849984,45570080683
2017-12-08,434.99,466.06,422.37,456.03,2336379904,43879256076
2017-12-07,426.37,441.4,414.41,434.41,2129570048,41789848007
2017-12-06,462.6,462.71,420.21,428.59,1998259968,41220997942
2017-12-05,470.29,473.56,457.66,463.28,1216720000,44548159326
2017-12-04,466.05,474.78,453.31,470.2,1005550016,45204145125
2017-12-03,463.7,482.81,451.85,465.85,"9905,56,992",44776362724
2017-12-02,466.85,476.24,456.65,463.45,"9436,49,984",44535863933
2017-12-01,445.21,472.61,428.31,466.54,1247879936,44823457369
2017-11-30,431.21,465.5,401.24,447.11,1903040000,42947937239
2017-11-29,473.28,522.31,425.07,427.52,2675940096,41057383009
2017-11-28,480.52,482.48,466.35,472.9,1346499968,45405717909
2017-11-27,471.53,493.4,468.48,480.36,1396480000,46111561438
2017-11-26,465.97,472.72,451.61,471.33,1197779968,45235644662
2017-11-25,475.68,485.19,461.05,466.28,1422080000,44741093552
2017-11-24,412.5,480.97,402.76,474.91,2292829952,45560021462
2017-11-23,381.44,425.55,376.09,410.17,1845680000,39340408036
2017-11-22,360.31,381.42,360.15,380.65,"8008,19,008",36501878925
2017-11-21,367.44,372.47,350.69,360.4,"9499,12,000",34552559750
2017-11-20,354.09,372.14,353.29,366.73,"8070,27,008",35151847933
2017-11-19,347.4,371.29,344.74,354.39,1181529984,33961430090
2017-11-18,331.98,349.62,327.69,347.61,"6496,38,976",33305160559
2017-11-17,330.17,334.96,327.52,332.39,"6217,32,992",31840349187
2017-11-16,333.44,336.16,323.61,330.92,"7972,54,016",31692795453
2017-11-15,337.96,340.91,329.81,333.36,"7226,65,984",31919060540
2017-11-14,316.76,340.18,316.76,337.63,1069680000,32321383639
2017-11-13,307.02,328.42,307.02,316.72,1041889984,30312834756
2017-11-12,314.69,319.15,298.51,307.91,1613479936,29463540579
2017-11-11,298.59,319.45,298.19,314.68,"8423,00,992",30105285828
2017-11-10,320.67,324.72,294.54,299.25,"8859,85,984",28623188738
2017-11-09,308.64,329.45,307.06,320.88,"8932,49,984",30685584327
2017-11-08,294.27,318.7,293.1,309.07,"9679,55,968",29549552409
2017-11-07,298.57,304.84,290.77,294.66,"5407,66,016",28165778801
2017-11-06,296.43,305.42,293.72,298.89,"5793,58,976",28564296472
2017-11-05,300.04,301.37,295.12,296.26,"3376,57,984",28307052341
2017-11-04,305.48,305.48,295.8,300.47,"4164,79,008",28702737365
2017-11-03,288.5,308.31,287.69,305.71,"6463,39,968",29197317355
2017-11-02,290.73,293.91,281.17,287.43,"9049,00,992",27445442368
2017-11-01,305.76,306.4,290.58,291.69,"5538,64,000",27846764494
2017-10-31,307.38,310.55,305.88,305.88,"3695,83,008",29194751985
2017-10-30,304.78,310.5,304.35,307.75,"3314,41,984",29367079933
2017-10-29,296.38,313.76,296.38,305.09,"5517,52,000",29106827254
2017-10-28,297.92,300.36,293.58,296.3,"2644,24,000",28262202960
2017-10-27,296.51,299.26,294.06,297.42,"2571,68,992",28363439564
2017-10-26,298.02,301.07,295.22,296.53,"2702,72,992",28271925666
2017-10-25,298.44,301.85,290.72,297.92,"3250,40,000",28399185652
2017-10-24,287.12,311.96,282.66,298.33,"6842,81,024",28431576038
2017-10-23,295.1,295.75,277.58,286.95,"4823,36,000",27341319876
2017-10-22,300.55,305.5,292.81,295.45,"3273,87,008",28144794782
2017-10-21,303.57,303.93,291.77,300.19,"4080,14,016",28590314194
2017-10-20,308.05,311.44,303.49,304.01,"3966,72,992",28947916800
2017-10-19,314.54,316.71,305.83,308.09,"3498,30,016",29330304837
2017-10-18,316.94,317.24,290.64,314.32,"6061,13,984",29917084625
2017-10-17,333.48,333.48,311.79,317.08,"5099,24,000",30173609812
2017-10-16,336.71,349.35,332.04,333.38,"6928,84,992",31718200756
2017-10-15,339.53,342.72,320.43,336.6,"6354,06,976",32018244067
2017-10-14,338.85,347.98,334.7,339.63,"5165,61,984",32301459659
2017-10-13,304.08,348.6,299.66,338.76,1304359936,32213441854
2017-10-12,303.5,309.15,303.29,304.14,"5275,56,992",28916525240
2017-10-11,301.18,304.39,299.1,303.46,"2641,46,000",28847211568
2017-10-10,297.6,306.15,293.17,299.87,"3597,05,984",28501667385
2017-10-09,308.67,309.31,288.18,297.39,"5594,67,008",28261533648
2017-10-08,311.06,312.54,308.03,308.61,"2931,67,008",29322710612
2017-10-07,308.89,313.13,304.98,311.12,"3422,04,992",29557048403
2017-10-06,295.15,308.84,294.95,308.59,"3186,64,000",29311483315
2017-10-05,292.77,298.04,288.84,295.86,"2537,47,008",28098336333
2017-10-04,292.75,299.39,290.89,292.66,"2579,06,000",27789444567
2017-10-03,297.48,300.11,288.13,292.46,"3216,80,000",27766443809
2017-10-02,302.48,302.92,294.58,297.48,"3394,43,008",28237763674
2017-10-01,301.55,303.19,295.06,302.34,"3061,84,992",28694730559
2017-09-30,291.48,303.96,291.11,301.46,"3324,39,008",28607406298
2017-09-29,299.12,299.92,279.77,291.47,"5413,74,976",27654290280
2017-09-28,306.47,307.2,295.47,299.15,"5018,94,016",28379292201
2017-09-27,287.02,308.02,286.82,306.47,"5502,43,968",29068342956
2017-09-26,292.35,293.75,287.02,287.44,"3458,00,992",27259015800
2017-09-25,282.22,293.52,281.88,292.33,"4831,60,992",27718684465
2017-09-24,286.21,292.95,278.13,282.48,"5714,11,008",26780610986
2017-09-23,264.6,286.17,261.12,286.17,"4509,34,016",27125537826
2017-09-22,258.11,270.54,256.22,264.31,"4300,80,992",25049676632
2017-09-21,283.26,286.61,255.02,258.58,"6012,65,984",24502550354
2017-09-20,282.02,290.89,278.05,283.74,"4214,04,000",26881372918
2017-09-19,293.66,295.77,274.48,282.8,"6469,08,992",26787085258
2017-09-18,252.23,293.5,252.23,293.5,1127750016,27794233413
2017-09-17,245.85,257,235.24,251.75,"4274,52,000",23835888183
2017-09-16,250.87,262.59,238.22,246.52,"7117,37,024",23336257868
2017-09-15,215.22,258.65,195.04,250.46,1935699968,23704566170
2017-09-14,276.59,280.84,213.91,213.91,1184589952,20240633669
2017-09-13,291.12,291.12,260.61,277.11,"9216,92,032",26215830135
2017-09-12,294.63,311.2,287.23,291.46,"7531,44,000",27568017613
2017-09-11,289.74,300.69,286.68,294.53,"5713,07,008",27852586150
2017-09-10,294.06,294.76,268.97,288.75,"6983,26,016",27300089799
2017-09-09,296.17,299.89,287.22,294.4,"5286,20,992",27829435118
2017-09-08,329.64,329.64,285.16,296.5,1098780032,28021550341
2017-09-07,333.52,333.52,319.94,329.43,"7186,24,000",31127463390
2017-09-06,313.8,334.66,313.49,334.34,1058830016,31584914370
2017-09-05,297.57,318.57,268.29,312.99,1551049984,29562162666
2017-09-04,347.13,347.13,279.94,295.17,1801689984,27873682151
2017-09-03,350.23,366.49,332.23,347.48,"9862,65,984",32807142041
2017-09-02,387.82,389.35,328.1,348.98,1483600000,32942250738
2017-09-01,383.47,390.04,383.47,387.74,"8742,22,016",36593410761
2017-08-31,378.44,386.14,376.35,383.04,"7062,54,016",36142706814
2017-08-30,369.47,388.75,361.97,378.48,1333319936,35705639885
2017-08-29,347.96,373.76,347.79,370.67,1220029952,34961063278
2017-08-28,350.04,352.05,338.41,347.75,"8543,18,976",32792635350
2017-08-27,334.36,347.89,334.36,347.89,"6333,69,984",32799991739
2017-08-26,331.99,334.98,327.92,333.88,"5141,80,992",31472781162
2017-08-25,326.11,336.4,325.8,331.92,"7603,29,024",31281210162
2017-08-24,317.45,327.96,317.08,325.61,"6976,65,024",30680964300
2017-08-23,315.27,324.21,314.54,317.52,"8119,90,016",29911326162
2017-08-22,321.05,327.36,297.91,314.79,1336400000,29646659314
2017-08-21,300.48,347.05,297.23,321.59,2448969984,30280406340
2017-08-20,296.64,301.43,291.58,301.43,"5719,47,008",28375046491
2017-08-19,296.18,301.67,286.18,297.47,"8602,01,984",27995885731
2017-08-18,301.7,307.96,292.5,295.59,"9361,60,000",27812276026
2017-08-17,302.8,311.03,300.25,301.46,"9094,94,016",28357573570
2017-08-16,289.82,303.41,285.39,302.27,"9676,43,008",28426961863
2017-08-15,299.95,300.41,279.33,289.82,1051800000,27249639651
2017-08-14,298.03,306.81,296.41,300.1,"8643,90,976",28209451117
2017-08-13,310.37,310.82,289.31,298.06,1369369984,28011760531
2017-08-12,308.71,317.56,307.9,310.6,1111650048,29183139234
2017-08-11,294.49,309.21,294.49,308.86,"9535,76,000",29013166489
2017-08-10,296.96,306.59,289.93,295.89,1076819968,27788165832
2017-08-09,297.63,318.72,276.69,296.03,2638579968,27794475648
2017-08-08,269.1,298.91,266.8,296.77,1502409984,27857712299
2017-08-07,261.24,271.96,256.69,269.18,"9357,26,976",25262099071
2017-08-06,256.42,271.05,252.85,261.57,1482979968,24541904159
2017-08-05,222.85,256.51,221.95,256.51,1332999936,24061766194
2017-08-04,225.31,227.62,222.06,223.07,"5397,82,976",20920682038
2017-08-03,220.18,228.29,219.89,225.34,"5572,17,024",21128736918
2017-08-02,227.01,229.51,218.12,219.95,"6326,06,016",20618746852
2017-08-01,204.69,227.74,204.69,226.77,1585330048,21252988047
2017-07-31,197.4,203.87,193.41,203.87,"5694,14,016",19102596755
2017-07-30,206.74,208.54,196.15,197.98,"5962,33,984",18545669554
2017-07-29,193.34,208.68,179.65,205.79,"8243,55,008",19272280500
2017-07-28,204.32,204.9,192.3,193.12,"5625,71,008",18081289103
2017-07-27,204.86,206.44,201.26,204.32,"3932,83,008",19124468250
2017-07-26,207.09,210.77,194.78,203.95,"7176,92,032",19085332800
2017-07-25,224.37,225.32,195.85,206.71,1095760000,19338262506
2017-07-24,226.29,227.54,222.45,224.71,"4316,91,008",21016755177
2017-07-23,229.12,231.68,217.72,225.95,"6496,14,976",21127295409
2017-07-22,217.86,232.7,216.87,229.48,"6182,59,968",21451273566
2017-07-21,226.06,235.12,213.01,218.3,1006129984,20401709506
2017-07-20,205.42,233.9,203.22,227.26,2224999936,21233651866
2017-07-19,234.94,245.65,191.74,199.7,2328790016,18653610729
2017-07-18,195.03,267.99,182.06,234.39,2709260032,21887962776
2017-07-17,159.99,194.75,158.04,193.42,1669500032,18057735704
2017-07-16,169.57,172.01,133.72,157.36,1516889984,14687441605
2017-07-15,199.71,200.16,170.65,170.65,"8104,51,968",15923953593
2017-07-14,209.53,211.1,187.37,199.66,"7493,82,016",18625794688
2017-07-13,231.81,231.81,200.07,209.73,"8284,89,024",19560300930
2017-07-12,197.15,230.77,189.59,230.77,1241190016,21517152174
2017-07-11,211.52,220.29,183.39,197.4,1440950016,18401040701
2017-07-10,243.01,243.07,196.96,215.36,"9372,19,008",20069373698
2017-07-09,251.82,255.1,242.14,242.14,"5051,18,016",22559120946
2017-07-08,245.89,273.48,236.55,251.7,"7549,58,016",23443013086
2017-07-07,270.35,273.94,244.17,245.99,"6872,51,968",22900134646
2017-07-06,268.86,278.48,265.51,270.55,"6230,80,000",25179348911
2017-07-05,273.1,275.13,261.45,268.77,"7902,56,000",25011710285
2017-07-04,282.19,287.39,273.11,273.3,"6876,91,008",25425860777
2017-07-03,288.41,291.1,281.18,282.9,"8514,08,000",26310761677
2017-07-02,275.12,295.51,262.52,287.99,1123330048,26776243984
2017-07-01,293.35,293.75,268.62,274.6,1089200000,25524313603
2017-06-30,303.15,315.17,288.44,294.92,1011800000,27404731861
2017-06-29,328.37,330.71,297.37,302.88,1508579968,28136918558
2017-06-28,293.04,333.1,276.41,327.93,2056550016,30454577323
2017-06-27,272.69,293.09,227.14,293.09,1973869952,27211279055
2017-06-26,302.95,311.46,238.65,272.69,2081810048,25309759968
2017-06-25,323.47,332.79,284.65,303.25,1186880000,28138409364
2017-06-24,341.63,343.62,322.09,323.7,"6735,85,024",30027238696
2017-06-23,336.48,348.01,334.99,341.74,"5932,06,976",31691908924
2017-06-22,337.73,342.03,330.62,336.37,"9257,66,976",31185326164
2017-06-21,359.54,361.34,319.48,336.87,1420130048,31222823000
2017-06-20,370.33,377.97,350.94,359.01,1020390016,33260958885
2017-06-19,371.86,377.11,369.76,370.06,"6851,71,968",34278915230
2017-06-18,379.52,390.58,368.84,371.46,"9047,02,976",34398150201
2017-06-17,369.88,379.41,364,379.41,"9046,52,992",35124053707
2017-06-16,361.18,373.05,341.42,370.23,1096280064,34263095462
2017-06-15,358.51,364.44,300.7,361.93,2463450112,33485258152
2017-06-14,397.59,399.32,342.21,359.05,1272579968,33208658542
2017-06-13,395.69,411.18,370.06,397.54,1717379968,36756801123
2017-06-12,341.16,414.76,341.16,401.49,2882650112,37110948644
2017-06-11,338.79,353.01,318.17,340.61,1373219968,31473965821
2017-06-10,282.01,350.26,282.01,337.67,1611629952,31192780483
2017-06-09,261.75,282.76,261.75,281.74,"5579,85,984",26018098658
2017-06-08,257.99,262.25,253.98,261.67,"3854,94,016",24157329921
2017-06-07,264.26,264.67,254.04,258.07,"4616,48,992",23818300202
2017-06-06,248.6,267.51,246.84,264.47,"7415,53,024",24401181121
2017-06-05,245.26,249.47,243.05,248.46,"4356,60,000",22917910489
2017-06-04,224.12,250.41,223.98,245.33,"7538,20,032",22622207553
2017-06-03,223.46,225.97,219.42,224.38,"4278,96,000",20683715605
2017-06-02,222.29,229.41,219.58,223.77,"4695,32,000",20622162299
2017-06-01,230.89,236.22,214.48,222.24,"8129,24,032",20474652879
2017-05-31,231.58,236.96,215.57,230.67,1271600000,21244817139
2017-05-30,195.61,233.71,189.29,231.91,1586669952,21352550184
2017-05-29,170.13,197.13,164.53,194.91,"7188,28,032",17939882189
2017-05-28,158.82,179.93,157.6,170.51,"7179,71,008",15689192548
2017-05-27,159.82,166.95,120.44,157.76,1217059968,14511207045
2017-05-26,175.22,193.69,150.28,160.4,"7924,57,984",14749889600
2017-05-25,189.85,210.98,170.51,174.45,"9436,36,992",16036165877
2017-05-24,182.65,228.37,182.45,190.05,"5610,14,016",17464735543
2017-05-23,170.82,183.55,169.93,181.95,"5307,08,992",16715702521
2017-05-22,158.17,201.75,152.47,174.26,1188909952,16004156112
2017-05-21,127.54,159.03,125.89,157.94,"5703,61,024",14500421529
2017-05-20,129.22,133.64,124.7,126.52,"3314,55,008",11612447946
2017-05-19,97.05,133.56,97.05,129.53,"6269,45,024",11884632930
2017-05-18,89.84,97.37,89.84,96.91,"1962,36,992",8888797357
2017-05-17,89.25,91.27,84.43,89.86,"1830,31,008",8239948169
2017-05-16,92.39,93.56,89.12,89.44,"1522,84,992",8198722531
2017-05-15,90.78,95.43,86.83,92.41,"1709,99,008",8468960166
2017-05-14,90.87,91.25,89.61,90.79,"660,46,600",8317148601
2017-05-13,88.69,93.81,86.66,90.84,"887,42,200",8319066651
2017-05-12,89.43,93.12,88.66,88.66,"1458,24,992",8116816184
2017-05-11,89.77,102.55,88.48,89.88,"1327,22,000",8226220249
2017-05-10,91.15,92.85,85.29,89.52,"1456,02,000",8191083680
2017-05-09,91.23,93.06,80.39,91.16,"3634,33,984",8338258352
2017-05-08,93.75,95.14,89.51,91.42,"2313,44,000",8359085414
2017-05-07,97.87,98.24,89.87,94.01,"1832,95,008",8592854298
2017-05-06,94.91,97.88,90.95,97.81,"1514,62,000",8937843151
2017-05-05,96.73,103.23,92.22,94.4,"3319,28,000",8622992171
2017-05-04,79.72,97.56,79.43,96.98,"3668,47,008",8856050446
2017-05-03,77.25,80.1,75.76,79.72,"1419,22,000",7277279246
2017-05-02,76.65,79.35,74.38,77.26,"1937,72,992",7050941746
2017-05-01,79.32,82.52,73.09,76.3,"3768,41,984",6960466482
2017-04-30,68.54,79.02,68.35,79.02,"2299,44,992",7206669917
2017-04-29,71.39,71.9,66.78,68.38,"1654,48,000",6233911088
2017-04-28,62.23,70.85,62.13,70.16,"3465,45,984",6394355247
2017-04-27,52.81,62.17,52.29,62.17,"2467,75,008",5664157655
2017-04-26,49.91,53.44,49.91,52.72,"1048,84,000",4801851008
2017-04-25,50.07,50.3,49.81,49.89,"382,64,600",4542708761
2017-04-24,48.87,50.18,48.87,50.03,"555,80,600",4553943109
2017-04-23,48.59,48.89,48.17,48.49,"362,34,000",4412126295
2017-04-22,48.18,48.74,48.17,48.55,"373,57,600",4416442028
2017-04-21,49.64,49.66,48.14,48.22,"450,48,300",4385105012
2017-04-20,48.13,49.99,48.13,49.67,"796,00,896",4515241563
2017-04-19,50.73,50.95,47.26,48.31,"762,81,000",4389519738
2017-04-18,48.32,51.03,48.3,50.71,"787,48,496",4606307174
2017-04-17,48.66,48.75,48.05,48.3,"440,13,300",4386552041
2017-04-16,49.04,49.14,48.19,48.72,"313,43,800",4422644315
2017-04-15,47.65,49.57,47.18,49.1,"662,07,800",4455916490
2017-04-14,49.97,50.05,46.76,47.57,"916,74,400",4315878957
2017-04-13,46.31,50.91,46.31,50.22,"1572,00,000",4554299452
2017-04-12,43.46,47.23,43.11,46.29,"880,45,696",4196302994
2017-04-11,43.5,44.25,43.3,43.41,"383,03,300",3933886291
2017-04-10,43.28,44.14,42.42,43.44,"440,61,500",3935103268
2017-04-09,44.28,44.49,42.89,43.27,"551,43,000",3918563431
2017-04-08,41.8,45.21,41.73,44.31,"741,38,800",4011422381
2017-04-07,42.87,44.04,41.65,42.16,"814,74,704",3815963046
2017-04-06,45.22,45.64,40.9,43.24,"1471,20,000",3912317959
2017-04-05,44.66,47.84,44.54,45.3,"1197,33,000",4097477788
2017-04-04,43.92,45.74,41.72,44.64,"1575,68,000",4036201194
2017-04-03,48.82,48.82,43.41,44.36,"1905,12,992",4009009196
2017-04-02,50.74,51.27,45.43,48.75,"1346,04,000",4404475423
2017-04-01,50.03,51.93,48.88,50.7,"924,61,904",4579187936
2017-03-31,51.75,51.77,47.38,50.04,"1514,16,000",4517835716
2017-03-30,53.12,53.31,51.87,52.21,"868,85,696",4711996588
2017-03-29,50.57,53.87,50.55,53.13,"1449,98,000",4793424049
2017-03-28,49.71,50.96,49.15,50.77,"977,45,296",4579693493
2017-03-27,51.31,52.46,48.93,49.67,"1189,78,000",4478238274
2017-03-26,50.77,51.8,49.28,50.52,"1068,59,000",4553738462
2017-03-25,53.58,53.58,48.31,51.25,"2230,59,008",4617794703
2017-03-24,43.64,54.14,43.21,53.11,"2970,46,016",4783511280
2017-03-23,42.57,44.75,41.3,43.68,"1007,24,000",3932863932
2017-03-22,43.12,43.52,39.69,42.34,"1139,52,000",3811229796
2017-03-21,43.51,44.26,42.37,43.15,"912,65,400",3882154700
2017-03-20,44.83,46.23,42.44,43.39,"1547,00,992",3902862599
2017-03-19,35.53,47,35.34,44.74,"2394,30,000",4022867100
2017-03-18,46.87,46.87,31.7,34.16,"2621,80,000",3070500515
2017-03-17,45.93,55.11,38.21,46.83,"4975,34,016",4207676009
2017-03-16,35.36,47.17,35.36,46.35,"4544,17,984",4162873752
2017-03-15,28.65,35.06,28.43,35.06,"1703,44,000",3147689118
2017-03-14,28.57,29.93,27.32,28.65,"1017,97,000",2572014998
2017-03-13,23.5,30.6,23.5,28.59,"2554,88,000",2565583285
2017-03-12,21.46,23.44,21.38,23.44,"746,28,896",2102276260
2017-03-11,19.37,21.59,19.01,21.47,"691,50,096",1925342939
2017-03-10,17.74,19.66,17.68,19.33,"875,06,800",1732837145
2017-03-09,16.64,17.87,16.37,17.75,"314,18,400",1590879625
2017-03-08,18.88,18.88,16.65,16.65,"443,04,600",1491498830
2017-03-07,19.58,19.63,18.64,18.89,"379,72,200",1691307055
2017-03-06,19.28,20.1,19.11,19.61,"324,32,700",1754907794
2017-03-05,18.5,19.42,18.23,19.3,"268,16,300",1727148626
2017-03-04,19.52,20.06,18.62,18.62,"273,41,900",1665411583
2017-03-03,19.04,20.67,18.41,19.46,"958,63,400",1739949803
2017-03-02,17.36,19.35,16.95,19.03,"836,27,104",1701011948
2017-03-01,15.85,17.37,15.56,17.35,"449,27,500",1550251865
2017-02-28,15.45,16.06,15.12,15.82,"654,78,900",1412825288
2017-02-27,14.51,15.68,14.27,15.4,"316,67,000",1374757041
2017-02-26,13.52,14.54,13.4,14.52,"203,07,500",1296040794
2017-02-25,13.06,13.72,12.98,13.55,"185,33,900",1208911983
2017-02-24,13.13,13.23,12.88,13.07,"195,74,400",1165715765
2017-02-23,12.6,13.21,12.56,13.12,"145,22,300",1169783161
2017-02-22,12.69,12.76,12.55,12.6,"103,60,900",1123050433
2017-02-21,12.34,12.77,12.21,12.67,"151,83,300",1128781640
2017-02-20,12.77,12.9,12.43,12.43,"129,94,400",1107158285
2017-02-19,12.82,12.87,12.71,12.76,"77,99,740",1136008890
2017-02-18,12.71,12.83,12.68,12.81,"93,70,010",1140211197
2017-02-17,12.9,12.91,12.66,12.68,"116,36,500",1127915204
2017-02-16,12.92,12.92,12.54,12.9,"380,02,600",1147726668
2017-02-15,13.04,13.04,12.64,12.92,"184,64,700",1148742628
2017-02-14,11.29,13.33,11.29,13.03,"429,11,500",1157709435
2017-02-13,11.38,11.39,11.17,11.27,"72,16,520",1001304093
2017-02-12,11.35,11.4,11.3,11.4,"62,64,900",1012466457
2017-02-11,11.29,11.43,11.24,11.35,"75,44,520",1007694076
2017-02-10,11.05,11.34,10.78,11.28,"119,14,200",1001069228
2017-02-09,11.44,11.6,10.67,11.03,"184,00,300","9788,25,690"
2017-02-08,11.54,11.63,11.24,11.43,"96,88,630",1013867331
2017-02-07,11.43,11.61,11.41,11.52,"76,29,640",1020961130
2017-02-06,11.35,11.48,11.34,11.39,"56,95,440",1009440330
2017-02-05,11.44,11.49,11.32,11.35,"59,42,960",1005855021
2017-02-04,11.13,11.5,11.13,11.43,"141,39,500",1012625893
2017-02-03,10.81,11.11,10.76,11.11,"128,97,800","9840,19,776"
2017-02-02,10.74,10.89,10.55,10.82,"101,72,500","9577,31,836"
2017-02-01,10.74,10.85,10.56,10.73,"128,52,200","9494,91,718"
2017-01-31,10.56,10.75,10.55,10.73,"116,48,700","9487,48,952"
2017-01-30,10.49,10.71,10.47,10.57,"80,42,180","9345,93,362"
2017-01-29,10.56,10.57,10.45,10.48,"46,89,950","9265,48,657"
2017-01-28,10.54,10.58,10.43,10.56,"65,80,700","9333,78,690"
2017-01-27,10.58,10.61,10.44,10.54,"71,89,170","9305,99,699"
2017-01-26,10.57,10.67,10.51,10.59,"84,65,020","9348,44,928"
2017-01-25,10.62,10.62,10.48,10.57,"67,51,450","9328,66,678"
2017-01-24,10.73,10.77,10.57,10.63,"83,27,330","9380,04,330"
2017-01-23,10.71,10.84,10.67,10.82,"72,67,210","9542,75,900"
2017-01-22,10.91,10.97,10.58,10.7,"86,78,620","9435,67,856"
2017-01-21,10.6,10.98,10.58,10.91,"119,37,600","9613,83,820"
2017-01-20,10.39,10.76,10.35,10.6,"109,92,800","9338,54,252"
2017-01-19,10.24,10.44,10.18,10.4,"83,47,550","9156,11,849"
2017-01-18,10.3,10.52,9.94,10.23,"107,88,200","9003,65,728"
2017-01-17,9.64,10.61,9.54,10.3,"183,91,900","9065,97,925"
2017-01-16,9.88,9.93,9.58,9.64,"149,37,400","8477,06,513"
2017-01-15,9.83,10,9.6,9.9,"148,37,900","8709,48,977"
2017-01-14,9.79,9.89,9.44,9.65,"200,85,800","8479,90,590"
2017-01-13,9.83,9.85,9.51,9.77,"250,66,600","8584,81,082"
2017-01-12,9.72,10.08,9.18,9.86,"304,53,800","8662,37,622"
2017-01-11,10.54,10.66,9.46,9.72,"268,23,500","8533,19,722"
2017-01-10,10.37,10.69,10.29,10.55,"108,79,700","9260,31,183"
2017-01-09,10.31,10.78,10.14,10.33,"257,18,300","9060,44,584"
2017-01-08,9.87,10.39,9.83,10.29,"166,76,600","9025,76,769"
2017-01-07,10.24,10.28,9.59,9.87,"231,53,600","8651,94,523"
2017-01-06,10.29,10.63,9.63,10.25,"294,71,800","8988,45,928"
2017-01-05,11.29,11.89,9.4,10.25,"415,57,400","8984,97,892"
2017-01-04,9.71,11.28,9.56,11.25,"410,51,200","9855,15,893"
2017-01-03,8.37,10,8.32,9.73,"336,25,200","8515,12,055"
2017-01-02,8.17,8.44,8.05,8.38,"145,79,600","7333,31,654"
2017-01-01,7.98,8.47,7.98,8.17,"147,31,700","7150,49,208"
2016-12-31,8.15,8.16,7.91,7.97,"90,66,800","6969,93,600"
2016-12-30,8.29,8.47,8.05,8.16,"139,09,900","7134,33,620"
2016-12-29,7.54,8.53,7.54,8.28,"275,43,800","7240,28,107"
2016-12-28,7.15,7.62,7.08,7.52,"174,53,300","6570,11,884"
2016-12-27,7.28,7.32,7.09,7.17,"87,78,610","6262,68,701"
2016-12-26,7.13,7.33,7.05,7.27,"58,36,810","6350,60,699"
2016-12-25,7.26,7.34,7.14,7.18,"86,71,840","6261,89,631"
2016-12-24,7.15,7.41,7.15,7.27,"76,26,020","6338,71,896"
2016-12-23,7.58,7.69,7.16,7.17,"196,13,100","6249,56,487"
2016-12-22,7.9,7.91,7.5,7.59,"163,76,700","6612,47,899"
2016-12-21,7.66,7.94,7.66,7.91,"93,93,550","6897,18,972"
2016-12-20,7.63,7.75,7.57,7.66,"63,13,550","6673,09,961"
2016-12-19,7.87,7.87,7.63,7.64,"58,94,760","6656,54,987"
2016-12-18,7.86,7.93,7.72,7.87,"58,90,020","6846,96,555"
2016-12-17,7.86,7.9,7.52,7.88,"85,02,620","6854,26,528"
2016-12-16,7.86,7.93,7.8,7.86,"51,78,610","6835,75,806"
2016-12-15,8.24,8.24,7.72,7.83,"131,84,400","6807,40,349"
2016-12-14,8.45,8.52,8.25,8.27,"73,37,220","7184,60,239"
2016-12-13,8.52,8.53,8.35,8.42,"44,86,190","7318,92,846"
2016-12-12,8.19,8.61,8.17,8.52,"91,19,700","7402,55,866"
2016-12-11,8.13,8.27,8.1,8.19,"55,45,500","7114,57,159"
2016-12-10,8.44,8.53,8.02,8.13,"81,08,370","7052,54,561"
2016-12-09,8.17,8.67,8.05,8.45,"129,16,300","7328,36,297"
2016-12-08,8.38,8.86,8.23,8.23,"160,42,700","7138,77,391"
2016-12-07,7.89,8.54,7.33,8.38,"222,29,600","7267,02,380"
2016-12-06,6.8,7.92,5.98,7.87,"506,71,200","6820,13,454"
2016-12-05,7.41,7.64,6.66,6.82,"173,44,500","5910,26,579"
2016-12-04,7.9,7.95,7.44,7.44,"84,50,790","6446,85,715"
2016-12-03,7.77,8.15,7.67,7.92,"121,12,100","6858,08,136"
2016-12-02,8.46,8.46,7.42,7.76,"185,79,800","6715,87,252"
2016-12-01,8.6,8.65,8.36,8.45,"58,82,340","7312,54,342"
2016-11-30,8.16,8.75,8.16,8.59,"106,26,600","7426,64,775"
2016-11-29,8.73,8.74,7.88,8.17,"170,00,400","7066,51,179"
2016-11-28,9,9.01,8.72,8.72,"60,46,890","7539,71,438"
2016-11-27,9.31,9.33,8.78,9,"87,07,660","7773,13,922"
2016-11-26,9.42,9.5,9.31,9.33,"35,05,990","8054,74,198"
2016-11-25,9.23,9.75,9.21,9.4,"76,69,720","8115,53,949"
2016-11-24,9.85,9.85,8.93,9.23,"159,87,800","7965,38,442"
2016-11-23,9.92,9.96,9.76,9.84,"48,12,310","8490,20,680"
2016-11-22,9.63,10.24,9.59,9.91,"112,84,400","8540,53,528"
2016-11-21,9.58,9.64,9.54,9.62,"36,63,210","8291,90,391"
2016-11-20,9.66,9.71,9.52,9.58,"51,73,420","8253,05,262"
2016-11-19,9.48,9.75,9.48,9.66,"51,86,540","8321,83,861"
2016-11-18,9.99,10.01,9.48,9.48,"108,16,100","8158,06,832"
2016-11-17,10.06,10.19,9.92,9.99,"69,84,700","8598,14,328"
2016-11-16,10.22,10.33,9.93,10.06,"95,33,550","8653,49,966"
2016-11-15,9.97,10.32,9.85,10.22,"65,57,550","8786,53,067"
2016-11-14,10.1,10.16,9.96,9.97,"35,73,250","8567,53,361"
2016-11-13,9.89,10.41,9.84,10.1,"82,27,770","8680,38,290"
2016-11-12,10.29,10.34,9.7,9.88,"100,52,500","8485,09,382"
2016-11-11,10.51,10.57,10.26,10.29,"60,56,300","8835,65,427"
2016-11-10,10.67,10.68,10.51,10.52,"42,53,980","9033,80,024"
2016-11-09,10.82,10.83,10.22,10.66,"146,06,600","9142,92,103"
2016-11-08,10.85,10.92,10.74,10.83,"62,58,150","9292,46,807"
2016-11-07,10.9,10.96,10.78,10.81,"59,92,480","9267,61,430"
2016-11-06,10.99,11.25,10.85,10.87,"56,88,710","9319,47,467"
2016-11-05,11.09,11.24,10.88,11,"55,02,670","9426,53,972"
2016-11-04,10.82,11.12,10.82,11.09,"99,58,040","9498,62,035"
2016-11-03,10.8,11.11,10.76,10.8,"152,28,600","9247,16,659"
2016-11-02,10.77,11.16,10.69,10.75,"116,91,700","9202,36,997"
2016-11-01,10.96,11.18,10.3,10.77,"229,01,300","9210,57,444"
2016-10-31,11.23,11.5,10.94,11,"133,93,900","9405,78,264"
2016-10-30,10.43,11.45,10.29,11.18,"166,94,900","9560,07,454"
2016-10-29,11.1,11.2,9.56,10.44,"270,70,400","8925,65,736"
2016-10-28,11.47,11.58,10.95,11.09,"139,71,500","9469,72,469"
2016-10-27,11.53,11.61,11.26,11.5,"132,55,400","9820,33,774"
2016-10-26,11.38,11.66,11.38,11.53,"102,21,800","9844,29,110"
2016-10-25,11.97,11.99,11.15,11.41,"193,16,000","9739,91,742"
2016-10-24,12.04,12.1,11.91,11.97,"57,39,690",1020971991
2016-10-23,12.13,12.14,11.94,12.04,"57,74,660",1026301229
2016-10-22,12.18,12.19,11.95,12.07,"75,83,820",1028949804
2016-10-21,12.13,12.21,12.02,12.18,"56,76,920",1037420190
2016-10-20,12.05,12.29,12,12.1,"81,70,760",1030522234
2016-10-19,12.59,12.62,11.91,12.02,"105,76,200",1023599502
2016-10-18,12,12.93,12,12.59,"188,64,200",1071362741
2016-10-17,11.96,12.03,11.86,12.01,"57,24,440",1021302744
2016-10-16,11.98,12.01,11.93,11.95,"36,17,280",1016373308
2016-10-15,11.94,12,11.78,11.98,"49,91,840",1018682988
2016-10-14,11.99,12.07,11.9,11.94,"43,33,510",1014456176
2016-10-13,11.91,12.13,11.78,11.96,"86,65,190",1016169767
2016-10-12,11.78,12.07,11.71,11.93,"96,94,640",1013248317
2016-10-11,11.76,12.16,11.75,11.79,"117,27,700",1000308761
2016-10-10,12.06,12.06,11.62,11.76,"108,09,200","9973,63,895"
2016-10-09,12.22,12.36,11.98,12.05,"72,08,480",1022264082
2016-10-08,12.67,12.69,12.05,12.22,"116,11,200",1035883228
2016-10-07,12.85,12.99,12.53,12.67,"89,33,050",1073405275
2016-10-06,13.03,13.14,12.69,12.85,"120,44,800",1088798918
2016-10-05,13.28,13.35,13.04,13.04,"98,81,370",1103736600
2016-10-04,13.45,13.53,13.21,13.28,"83,48,280",1123727868
2016-10-03,13.2,13.49,13.19,13.45,"74,58,320",1138142255
2016-10-02,13.18,13.3,13.14,13.2,"40,79,660",1116323115
2016-10-01,13.2,13.31,13.05,13.17,"63,31,160",1113568557
2016-09-30,13.08,13.34,13.02,13.22,"59,50,840",1117517388
2016-09-29,13.28,13.34,13.07,13.07,"59,90,630",1104310043
2016-09-28,13.11,13.48,13.08,13.27,"102,39,000",1120893441
2016-09-27,12.86,13.21,12.86,13.1,"68,31,070",1105565483
2016-09-26,13.17,13.17,12.74,12.82,"72,13,070",1081884909
2016-09-25,12.85,13.11,12.8,13.1,"52,83,440",1104901553
2016-09-24,13.32,13.34,12.68,12.88,"98,24,880",1085651021
2016-09-23,13.21,13.45,13.1,13.33,"91,66,430",1123430818
2016-09-22,13.66,13.66,12.48,13.25,"273,82,800",1115922936
2016-09-21,14.43,14.43,13.17,13.77,"286,45,000",1159365902
2016-09-20,13.21,14.43,13.12,14.43,"319,29,100",1214629780
2016-09-19,12.44,13.19,12.42,13.19,"138,38,800",1109717807
2016-09-18,12.69,12.99,12.16,12.43,"224,33,300",1045462817
2016-09-17,12.56,12.76,12.44,12.7,"74,46,610",1067645133
2016-09-16,11.96,12.75,11.9,12.56,"174,21,500",1055235487
2016-09-15,11.94,12.14,11.92,11.94,"73,09,090",1002844845
2016-09-14,11.9,12,11.86,11.92,"56,94,820",1001301306
2016-09-13,11.89,12.09,11.88,11.92,"117,04,300",1000535934
2016-09-12,11.64,11.95,11.61,11.89,"74,78,080","9980,57,810"
2016-09-11,12.21,12.21,11.59,11.64,"87,91,180","9762,59,356"
2016-09-10,11.66,12.22,11.54,12.17,"72,20,300",1020331771
2016-09-09,11.41,11.68,11.39,11.65,"61,09,200","9767,18,524"
2016-09-08,11.55,11.7,11.25,11.35,"115,35,000","9506,29,714"
2016-09-07,11.69,11.73,11.52,11.55,"61,15,050","9671,86,182"
2016-09-06,11.73,11.73,11.47,11.69,"63,46,330","9786,35,238"
2016-09-05,11.68,11.81,11.59,11.72,"57,24,100","9805,99,518"
2016-09-04,11.75,11.79,11.47,11.68,"72,20,550","9771,18,527"
2016-09-03,12.11,12.36,11.35,11.76,"133,58,800","9833,36,326"
2016-09-02,11.96,12.31,11.88,12.11,"93,68,300",1012583470
2016-09-01,11.67,12.58,11.65,11.99,"240,51,500",1002322694
2016-08-31,11.24,11.68,11.18,11.67,"110,73,700","9750,03,119"
2016-08-30,10.99,11.3,10.96,11.23,"72,21,260","9375,96,563"
2016-08-29,10.92,11.15,10.79,10.98,"81,30,540","9167,81,161"
2016-08-28,11.15,11.15,10.92,10.93,"53,03,040","9118,83,241"
2016-08-27,11.29,11.29,11.14,11.15,"151,08,400","9297,89,646"
2016-08-26,11.35,11.45,11.21,11.3,"58,57,850","9417,01,926"
2016-08-25,11.03,11.39,11.02,11.36,"85,52,380","9465,08,890"
2016-08-24,11.02,11.15,11.01,11.04,"44,23,420","9193,68,975"
2016-08-23,11.14,11.23,10.9,11.03,"64,89,380","9185,63,334"
2016-08-22,11.19,11.34,11.07,11.12,"65,88,920","9257,25,247"
2016-08-21,11.25,11.25,10.99,11.18,"43,55,660","9302,17,061"
2016-08-20,10.75,11.3,10.75,11.25,"74,43,540","9355,23,908"
2016-08-19,10.75,10.8,10.73,10.75,"53,90,850","8936,97,474"
2016-08-18,10.75,11.01,10.74,10.76,"69,35,800","8939,70,119"
2016-08-17,11.13,11.15,10.75,10.75,"88,33,760","8933,43,056"
2016-08-16,11.23,11.24,11,11.14,"70,51,510","9251,30,735"
2016-08-15,11.2,11.31,11,11.22,"75,00,840","9313,06,989"
2016-08-14,11.58,11.69,11.1,11.19,"86,80,160","9289,85,642"
2016-08-13,11.77,11.79,11.51,11.57,"75,39,490","9598,59,186"
2016-08-12,11.69,12.04,11.64,11.78,"136,90,100","9766,70,290"
2016-08-11,12.14,12.27,11.63,11.69,"175,05,000","9690,30,731"
2016-08-10,12.23,12.46,11.98,12.14,"280,96,300",1006130318
2016-08-09,11.27,12.45,11.2,12.24,"366,56,600",1014113084
2016-08-08,10.91,11.33,10.86,11.25,"149,56,700","9310,13,385"
2016-08-07,10.86,11.09,10.78,10.91,"165,51,000","9030,26,897"
2016-08-06,10.92,10.94,10.29,10.88,"167,12,600","9001,51,688"
2016-08-05,11.02,11.18,10.76,10.93,"154,87,900","9034,71,435"
2016-08-04,10.31,11.29,10.16,11.04,"381,51,400","9128,23,135"
2016-08-03,8.88,10.42,8.88,10.29,"539,79,400","8505,78,647"
2016-08-02,10.95,11.14,8.2,8.79,"888,03,296","7258,09,584"
2016-08-01,11.89,12.01,10.94,10.94,"239,99,500","9034,08,507"
2016-07-31,12.44,12.51,11.55,11.88,"254,41,400","9801,74,931"
2016-07-30,12.8,12.8,12.46,12.46,"90,47,810",1028064459
2016-07-29,12.84,12.87,12.55,12.79,"140,82,300",1055182413
2016-07-28,12.98,12.99,12.49,12.84,"246,03,900",1058813509
2016-07-27,12.05,13.31,11.84,12.97,"582,78,800",1069044527
2016-07-26,13.82,13.85,11.73,11.99,"944,28,800","9876,19,812"
2016-07-25,12.74,13.86,12.68,13.84,"366,73,800",1139304848
2016-07-24,14.3,14.44,12.32,12.75,"777,50,800",1049423539
2016-07-23,14.67,14.9,14.05,14.3,"324,89,700",1176571490
2016-07-22,12.66,14.81,12.54,14.66,"747,79,504",1205898353
2016-07-21,12.46,12.71,11.99,12.65,"246,36,900",1040082090
2016-07-20,11.59,12.99,11.57,12.45,"602,26,100",1023222624
2016-07-19,11.05,12.01,11.01,11.62,"217,30,000","9545,16,828"
2016-07-18,11.17,11.61,10.95,11.03,"159,31,900","9061,33,047"
2016-07-17,11.62,11.67,11.01,11.16,"179,21,600","9159,77,475"
2016-07-16,11.92,11.94,11.59,11.65,"104,45,700","9561,65,958"
2016-07-15,11.5,12.43,11.49,11.95,"268,38,900","9802,99,532"
2016-07-14,10.6,11.68,10.6,11.51,"236,21,900","9439,73,547"
2016-07-13,10.51,10.59,10.4,10.5,"67,15,660","8606,07,720"
2016-07-12,10.45,10.76,10.43,10.52,"111,27,700","8615,48,337"
2016-07-11,10.94,11.01,10.26,10.46,"130,98,000","8565,38,034"
2016-07-10,10.96,11.01,10.78,10.95,"54,79,240","8962,01,853"
2016-07-09,11.42,11.46,10.73,10.97,"172,54,800","8973,16,512"
2016-07-08,10.12,11.52,9.96,11.39,"200,39,800","9320,56,896"
2016-07-07,10.54,10.57,9.8,10.11,"154,07,200","8266,07,193"
2016-07-06,10.58,11.11,10.28,10.53,"181,37,300","8605,71,470"
2016-07-05,11.46,11.52,9.58,10.61,"455,26,900","8669,71,680"
2016-07-04,11.7,11.88,11.39,11.47,"129,43,500","9368,40,410"
2016-07-03,12.12,12.15,11.59,11.72,"105,88,700","9568,15,986"
2016-07-02,12.22,12.22,11.95,12.13,"89,87,070","9897,51,702"
2016-07-01,12.44,12.49,11.73,12.2,"172,36,500","9951,64,390"
2016-06-30,12.6,12.74,12.25,12.46,"158,01,300",1016130567
2016-06-29,12.17,13.04,11.69,12.61,"269,82,800",1027934140
2016-06-28,13.93,13.98,11.72,12.18,"434,36,600","9920,40,075"
2016-06-27,13.81,14.12,13.75,13.88,"109,94,700",1130782777
2016-06-26,14.26,14.37,13.66,13.85,"147,47,600",1127593040
2016-06-25,14.3,14.58,14.02,14.28,"153,83,100",1162367709
2016-06-24,13.68,14.57,13.22,14.33,"333,32,900",1165908840
2016-06-23,13.22,13.79,12.56,13.68,"308,06,400",1112111665
2016-06-22,13.2,15.79,13.1,13.1,"969,94,096",1064441461
2016-06-21,11.82,13.42,11.29,13.31,"692,45,600",1081206507
2016-06-20,12.24,12.45,10.52,11.84,"581,43,600","9616,13,934"
2016-06-19,11.17,13.18,10.64,12.23,"697,83,600","9932,83,674"
2016-06-18,15.38,15.38,9.96,11.33,"1339,37,000","9195,53,125"
2016-06-17,20.65,21.52,13.57,15.38,"1994,08,000",1247381862
2016-06-16,18.36,20.83,18.36,20.59,"385,31,000",1669490450
2016-06-15,18.91,18.91,17.71,18.35,"193,93,400",1487730475
2016-06-14,17.61,19.27,17.3,18.89,"644,12,200",1530808958
2016-06-13,15.77,17.64,15.72,17.6,"380,23,400",1425681023
2016-06-12,14.19,15.9,14.19,15.74,"382,10,300",1274609697
2016-06-11,13.91,14.19,13.72,14.19,"121,76,500",1148494818
2016-06-10,14.38,14.43,13.82,13.91,"113,12,900",1125141726
2016-06-09,14.43,14.57,14.34,14.4,"82,56,830",1164331165
2016-06-08,14.51,14.78,14.28,14.42,"169,41,800",1165411416
2016-06-07,13.95,14.51,13.81,14.51,"214,21,600",1172565099
2016-06-06,14,14.06,13.73,13.93,"87,20,400",1125426017
2016-06-05,13.76,14.07,13.57,13.98,"110,88,400",1128276672
2016-06-04,13.86,13.95,13.42,13.74,"157,92,400",1108902326
2016-06-03,13.74,13.87,13.25,13.85,"229,81,500",1117035879
2016-06-02,13.99,14.05,13.63,13.74,"104,77,200",1107823663
2016-06-01,14.11,14.32,13.44,14,"224,71,300",1128621280
2016-05-31,12.74,14.27,12.64,14.08,"424,33,400",1134278934
2016-05-30,12.33,12.88,12.27,12.73,"147,33,800",1024940354
2016-05-29,12.11,12.69,11.78,12.35,"285,98,400","9943,49,367"
2016-05-28,11.33,12.36,10.37,11.89,"472,74,800","9571,34,590"
2016-05-27,12.39,12.39,10.5,11.3,"574,96,400","9087,15,671"
2016-05-26,12.52,12.99,12.06,12.43,"207,64,000","9995,89,702"
2016-05-25,12.79,12.9,11.77,12.53,"274,44,700",1006875564
2016-05-24,13.31,13.77,12.01,12.73,"415,60,600",1023046506
2016-05-23,14.28,14.49,13.19,13.46,"238,42,800",1081207347
2016-05-22,14.04,14.35,13.77,14.29,"179,38,900",1146979484
2016-05-21,13.69,14.05,13.12,14.02,"246,48,400",1124761560
2016-05-20,14.85,15.05,13.38,13.64,"505,44,100",1093879433
2016-05-19,13.54,14.87,13.34,14.77,"537,57,500",1184385765
2016-05-18,12.18,14.26,12.18,13.56,"653,89,900",1086834954
2016-05-17,11.19,12.49,11.15,12.2,"371,98,700","9774,39,936"
2016-05-16,9.97,11.44,9.97,11.17,"290,79,900","8947,50,992"
2016-05-15,10.24,10.44,9.93,9.96,"92,18,400","7976,07,883"
2016-05-14,10.51,10.61,9.81,10.24,"188,08,000","8194,87,228"
2016-05-13,10.06,11.05,10.02,10.51,"312,76,900","8405,14,936"
2016-05-12,10,10.51,9.86,10.06,"241,37,700","8042,87,196"
2016-05-11,9.43,10.01,9.39,10,"152,67,500","7990,45,673"
2016-05-10,9.28,9.48,9.26,9.36,"93,21,790","7480,13,846"
2016-05-09,9.49,9.64,9.2,9.3,"130,85,300","7426,21,899"
2016-05-08,9.37,9.6,8.93,9.48,"150,31,000","7571,12,769"
2016-05-07,9.32,9.48,9.21,9.37,"108,06,500","7478,38,842"
2016-05-06,9.81,9.95,9.04,9.35,"215,10,600","7456,38,476"
2016-05-05,9.4,10.05,9.29,9.83,"182,96,200","7835,76,042"
2016-05-04,9.38,10.03,9.27,9.41,"176,22,400","7503,96,087"
2016-05-03,10.17,10.17,9.28,9.31,"214,63,900","7419,32,869"
2016-05-02,8.89,10.32,8.85,10.16,"410,19,200","8094,92,236"
2016-05-01,8.78,9.01,8.43,8.85,"167,13,800","7043,35,725"
2016-04-30,7.45,9.37,7.45,8.81,"365,73,300","7014,73,017"
2016-04-29,7.21,7.73,7.17,7.46,"87,62,080","5932,61,114"
2016-04-28,7.74,7.91,7.17,7.17,"115,76,000","5703,80,061"
2016-04-27,7.39,7.97,7.32,7.76,"192,54,500","6168,49,026"
2016-04-26,7.53,7.55,7.06,7.4,"176,67,300","5877,63,650"
2016-04-25,8.01,8.09,7.24,7.55,"182,39,900","6000,26,226"
2016-04-24,8.29,8.47,7.96,8,"107,86,400","6352,74,078"
2016-04-23,7.79,8.55,7.74,8.29,"145,65,200","6583,10,822"
2016-04-22,8.15,8.27,7.67,7.82,"133,09,300","6204,81,616"
2016-04-21,8.45,8.72,7.96,8.1,"133,55,400","6425,11,137"
2016-04-20,8.69,8.83,8.31,8.47,"156,34,700","6710,81,004"
2016-04-19,9.08,9.31,8.6,8.71,"128,99,100","6905,48,723"
2016-04-18,9.33,9.51,8.5,9.04,"210,84,100","7157,10,193"
2016-04-17,8.62,9.7,8.56,9.31,"246,19,600","7370,45,140"
2016-04-16,8.24,8.65,8.11,8.61,"98,88,460","6813,83,666"
2016-04-15,8.39,8.62,8.1,8.24,"121,79,000","6520,99,781"
2016-04-14,8.08,8.76,8.02,8.39,"135,90,700","6632,62,434"
2016-04-13,7.44,8.72,7.07,8.04,"314,03,300","6358,99,507"
2016-04-12,8.64,8.64,7.15,7.44,"231,90,100","5880,69,234"
2016-04-11,8.94,8.95,8,8.64,"151,38,100","6827,35,835"
2016-04-10,9.15,9.22,7.46,8.94,"426,13,400","7055,65,730"
2016-04-09,9.69,10.09,9.07,9.15,"161,94,800","7221,93,576"
2016-04-08,10.08,10.39,9.66,9.72,"146,60,600","7667,97,893"
2016-04-07,10.7,10.81,9.95,10.07,"134,64,500","7940,97,554"
2016-04-06,10.45,10.97,10.28,10.69,"169,97,100","8423,18,789"
2016-04-05,11.21,11.21,10.13,10.44,"205,57,300","8224,98,173"
2016-04-04,11.62,11.62,11.02,11.16,"95,99,070","8788,17,015"
2016-04-03,11.63,11.71,11.51,11.62,"55,80,550","9147,57,199"
2016-04-02,11.63,11.69,11.4,11.6,"86,82,620","9128,61,404"
2016-04-01,11.4,11.85,11.4,11.66,"113,73,100","9175,90,806"
2016-03-31,11.92,12.01,11.32,11.4,"149,66,700","8967,64,774"
2016-03-30,11.61,12.18,11.47,11.95,"193,51,200","9395,93,767"
2016-03-29,11.75,11.91,11.35,11.66,"176,84,200","9159,17,612"
2016-03-28,10.43,11.86,10.41,11.67,"231,88,300","9162,72,916"
2016-03-27,10.99,11.05,10.11,10.42,"167,44,800","8180,48,967"
2016-03-26,10.77,11.18,10.59,10.97,"94,25,480","8612,61,383"
2016-03-25,11.26,11.37,10.53,10.74,"137,82,000","8428,04,289"
2016-03-24,12.44,12.5,10.8,11.23,"260,81,800","8810,27,910"
2016-03-23,11.33,12.43,11.24,12.42,"193,53,200","9732,96,475"
2016-03-22,11.88,12.03,11.18,11.27,"197,30,300","8834,34,497"
2016-03-21,10.3,12.01,10.16,11.86,"285,72,600","9284,28,770"
2016-03-20,10.52,10.9,9.57,10.32,"176,51,100","8072,56,577"
2016-03-19,11.2,11.2,9.78,10.53,"267,35,700","8234,22,650"
2016-03-18,11.11,11.18,8.52,11,"539,56,800","8596,18,881"
2016-03-17,12.56,12.64,10.44,11.08,"416,50,600","8657,92,703"
2016-03-16,13.02,13.73,12.5,12.52,"243,35,500","9744,47,125"
2016-03-15,13,13.2,12.05,13.01,"284,04,500",1012119266
2016-03-14,14.51,15.01,11.58,12.45,"583,85,100","9683,84,041"
2016-03-13,13.51,15.26,13.47,14.48,"439,15,100",1125287882
2016-03-12,11.13,13.53,11.09,13.53,"489,57,300",1051728778
2016-03-11,11.22,11.6,10.39,11.08,"210,02,700","8610,12,043"
2016-03-10,11.88,12.24,10.99,11.31,"268,51,500","8779,88,473"
2016-03-09,9.79,12.05,9.67,11.9,"275,40,500","9237,33,301"
2016-03-08,9.58,10.17,8.82,9.85,"255,24,300","7642,69,545"
2016-03-07,11.43,11.65,9.31,9.55,"340,85,100","7411,66,643"
2016-03-06,11.2,11.84,9.99,11.38,"391,12,000","8828,86,756"
2016-03-05,10.37,12.27,9.97,11,"564,39,600","8532,05,226"
2016-03-04,9.24,10.41,8.48,10.41,"355,20,100","8065,93,727"
2016-03-03,8.44,10.1,8.33,9.29,"403,14,900","7201,79,291"
2016-03-02,7.63,8.75,7.37,8.47,"291,30,200","6557,48,796"
2016-03-01,6.32,7.91,6.31,7.65,"230,98,100","5926,77,993"
2016-02-29,6.46,6.61,6.05,6.34,"76,48,020","4905,56,570"
2016-02-28,6.41,6.62,6.24,6.47,"98,51,660","5005,69,665"
2016-02-27,5.96,6.53,5.92,6.43,"89,03,210","4971,19,698"
2016-02-26,6.04,6.27,5.74,5.92,"95,26,860","4579,66,535"
2016-02-25,6.19,6.65,5.55,6.1,"214,71,800","4719,75,064"
2016-02-24,5.6,6.24,5.51,6.24,"114,26,500","4819,95,066"
2016-02-23,5.68,5.95,5.39,5.59,"133,80,600","4315,98,157"
2016-02-22,4.66,5.65,4.64,5.62,"150,56,200","4337,98,974"
2016-02-21,4.36,4.71,4.23,4.65,"64,13,550","3593,10,563"
2016-02-20,4.68,4.75,4.13,4.34,"86,31,090","3350,88,727"
2016-02-19,4.38,4.79,4.27,4.74,"76,66,320","3655,77,845"
2016-02-18,3.77,4.77,3.42,4.4,"170,54,000","3393,28,346"
2016-02-17,4.29,4.77,3.5,3.76,"154,51,000","2897,21,943"
2016-02-16,5.33,5.47,4.03,4.32,"158,89,100","3326,48,533"
2016-02-15,5.33,5.89,5.02,5.29,"139,34,200","4075,24,960"
2016-02-14,5.4,5.47,4.45,5.24,"112,26,500","4036,47,764"
2016-02-13,5.69,5.72,4.19,5.39,"242,18,800","4147,29,231"
2016-02-12,5.95,6.58,5.07,5.55,"233,60,800","4270,37,697"
2016-02-11,4.5,6.29,4.34,6.01,"264,08,200","4627,70,855"
2016-02-10,4,4.86,3.78,4.44,"286,40,400","3413,05,129"
2016-02-09,3.17,4.04,3.17,4.04,"179,54,000","3110,75,408"
2016-02-08,2.97,3.27,2.88,3.18,"97,25,690","2444,79,014"
2016-02-07,2.54,3.06,2.54,2.96,"70,07,060","2278,38,892"
2016-02-06,2.53,2.56,2.47,2.53,"19,21,240","1947,33,892"
2016-02-05,2.57,2.61,2.47,2.54,"26,36,700","1950,18,592"
2016-02-04,2.53,2.63,2.44,2.58,"35,52,320","1979,53,037"
2016-02-03,2.43,2.54,2.34,2.53,"39,87,750","1940,99,730"
2016-02-02,2.22,2.45,2.16,2.44,"34,51,270","1872,00,922"
2016-02-01,2.32,2.32,2.12,2.21,"39,94,100","1696,54,871"
2016-01-31,2.44,2.53,2.19,2.31,"58,47,500","1768,34,424"
2016-01-30,2.51,2.61,2.4,2.45,"37,25,080","1874,35,391"
2016-01-29,2.54,2.61,2.3,2.49,"66,62,340","1911,98,055"
2016-01-28,2.41,2.68,2.34,2.53,"49,03,850","1935,51,356"
2016-01-27,2.25,2.59,2.19,2.39,"69,61,080","1829,23,580"
2016-01-26,2.53,2.84,1.99,2.28,"139,39,200","1742,75,656"
2016-01-25,2.15,2.66,2.06,2.5,"107,39,300","1912,76,220"
2016-01-24,1.9,2.3,1.9,2.14,"96,69,770","1638,19,884"
2016-01-23,1.5,2.03,1.5,1.97,"73,70,980","1508,74,912"
2016-01-22,1.55,1.58,1.47,1.5,"15,67,240","1147,84,065"
2016-01-21,1.53,1.59,1.49,1.55,"16,14,960","1187,43,869"
2016-01-20,1.36,1.62,1.35,1.53,"29,33,220","1170,43,472"
2016-01-19,1.42,1.46,1.31,1.37,"24,46,740","1047,50,746"
2016-01-18,1.33,1.54,1.32,1.43,"42,78,930","1089,12,542"
2016-01-17,1.22,1.33,1.21,1.33,"11,71,150","1013,29,330"
2016-01-16,1.22,1.31,1.17,1.22,"24,62,630","931,17,298"
2016-01-15,1.18,1.32,1.14,1.21,"39,10,550","921,49,709"
2016-01-14,1.12,1.19,1.1,1.19,"7,51,961","907,14,399"
2016-01-13,1.14,1.15,1.08,1.13,"10,05,910","857,75,572"
2016-01-12,1.07,1.28,1.05,1.14,"28,98,760","869,51,446"
2016-01-11,0.999216,1.07,0.999216,1.06,"10,11,920","808,74,514"
2016-01-10,0.985557,1,0.975099,0.999231,"3,90,888","760,97,646"
2016-01-09,0.985501,0.992345,0.9736,0.986833,"2,26,281","751,28,312"
2016-01-08,0.942752,0.991825,0.939715,0.986789,"5,45,600","750,99,809"
2016-01-07,0.955801,0.974623,0.93583,0.942005,"6,47,462","716,67,152"
2016-01-06,0.950028,0.960659,0.935708,0.95086,"3,08,791","723,17,149"
2016-01-05,0.953147,0.970597,0.946543,0.950176,"2,19,833","722,40,974"
2016-01-04,0.972045,0.976438,0.929835,0.95448,"3,46,245","725,43,707"
2016-01-03,0.93843,0.991362,0.934313,0.971905,"4,07,632","738,43,292"
2016-01-02,0.947401,0.969637,0.93656,0.937124,"2,55,504","711,76,658"
2016-01-01,0.933712,0.954822,0.931442,0.948024,"2,06,062","719,80,386"
2015-12-31,0.912098,0.975414,0.910277,0.933542,"6,63,994","708,58,023"
2015-12-30,0.874258,0.941099,0.866647,0.911958,"6,04,078","691,96,765"
2015-12-29,0.843835,0.873054,0.833232,0.873054,"2,15,742","662,22,901"
2015-12-28,0.856356,0.872394,0.832932,0.845005,"2,35,134","640,74,279"
2015-12-27,0.853166,0.861538,0.841151,0.856365,"1,64,565","649,13,919"
2015-12-26,0.870766,0.897453,0.838314,0.854603,"4,25,282","647,58,910"
2015-12-25,0.861993,0.882556,0.861993,0.870363,"1,87,114","659,31,377"
2015-12-24,0.859433,0.882818,0.8476,0.863262,"3,54,646","653,71,538"
2015-12-23,0.861782,0.88294,0.856065,0.858077,"3,34,993","649,57,356"
2015-12-22,0.894973,0.909526,0.862059,0.864202,"4,54,249","653,98,932"
2015-12-21,0.906065,0.91739,0.891182,0.900771,"5,49,113","681,43,246"
2015-12-20,0.90824,0.943185,0.899441,0.903885,"4,72,164","683,56,313"
2015-12-19,0.921524,0.925874,0.888916,0.908072,"3,43,535","686,50,439"
2015-12-18,0.938327,0.939493,0.908081,0.920127,"3,00,787","695,38,663"
2015-12-17,0.993043,0.997611,0.911807,0.940701,"6,40,765","710,69,938"
2015-12-16,1.02,1.02,0.974927,0.991182,"3,20,767","748,58,729"
2015-12-15,0.990589,1.03,0.98224,1.01,"5,78,618","765,68,082"
2015-12-14,0.95662,1.01,0.950178,0.993022,"5,63,436","749,47,760"
2015-12-13,0.971538,0.989394,0.937438,0.952884,"2,73,614","718,94,531"
2015-12-12,0.931196,1.05,0.928546,0.976973,"13,76,280","736,86,284"
2015-12-11,0.839995,0.929762,0.819789,0.929762,"8,01,072","701,01,842"
2015-12-10,0.79559,0.86159,0.787291,0.840396,"3,69,589","633,42,630"
2015-12-09,0.824454,0.824454,0.770488,0.792167,"6,24,221","596,87,098"
2015-12-08,0.806024,0.823645,0.782328,0.822118,"4,45,903","619,22,409"
2015-12-07,0.836322,0.850791,0.78765,0.811264,"5,20,409","610,84,951"
2015-12-06,0.866417,0.882436,0.833115,0.8355,"4,43,608","628,89,050"
2015-12-05,0.841195,0.872821,0.824444,0.862438,"2,32,743","648,95,497"
2015-12-04,0.812082,0.859575,0.802373,0.840041,"2,41,278","631,89,182"
2015-12-03,0.818546,0.837664,0.785086,0.812143,"5,39,969","610,70,307"
2015-12-02,0.873171,0.878017,0.818924,0.82121,"5,06,307","617,30,775"
2015-12-01,0.878316,0.886736,0.853937,0.8748,"6,52,857","657,38,067"
2015-11-30,0.879951,0.895054,0.847696,0.873119,"7,84,439","655,89,555"
2015-11-29,0.914144,0.914153,0.860533,0.878614,"4,48,358","659,80,042"
2015-11-28,0.868102,0.929293,0.862122,0.915703,"4,62,464","687,42,122"
2015-11-27,0.8821,0.900051,0.860695,0.867951,"4,03,813","651,35,635"
2015-11-26,0.863273,0.903643,0.80436,0.884183,"9,47,473","663,30,892"
2015-11-25,0.893827,0.899493,0.851106,0.863537,"6,22,991","647,60,707"
2015-11-24,0.946442,0.948055,0.895931,0.900191,"5,24,195","674,87,356"
2015-11-23,0.967493,0.969057,0.93387,0.946969,"4,41,875","709,70,606"
2015-11-22,0.979765,0.984132,0.958982,0.968018,"3,72,173","725,23,507"
2015-11-21,0.928758,0.978743,0.92094,0.97614,"4,55,976","731,07,357"
2015-11-20,0.955735,0.955735,0.898576,0.92492,"6,14,335","692,47,998"
2015-11-19,0.988713,1.01,0.937498,0.955532,"4,43,528","715,17,342"
2015-11-18,0.993214,1.01,0.940516,0.993319,"6,81,104","743,20,769"
2015-11-17,0.924948,1.03,0.905794,1.01,"11,45,440","753,92,162"
2015-11-16,0.906166,0.944732,0.891971,0.928962,"6,20,945","694,58,011"
2015-11-15,0.891217,0.921516,0.874957,0.906368,"4,11,848","677,45,801"
2015-11-14,0.905469,0.906113,0.876908,0.888812,"3,72,514","664,10,518"
2015-11-13,0.907722,0.917309,0.846023,0.904096,"5,43,671","675,29,354"
2015-11-12,0.796455,0.913919,0.76351,0.895711,"8,06,156","668,80,152"
2015-11-11,0.941296,0.945278,0.729775,0.791829,"12,78,580","591,03,443"
2015-11-10,1,1.05,0.920968,0.934348,"8,54,581","697,17,801"
2015-11-09,1.03,1.11,0.945263,0.999278,"20,45,290","745,37,426"
2015-11-08,0.915661,1.03,0.915661,1.03,"10,21,460","766,14,488"
2015-11-07,0.923732,0.943787,0.863539,0.927974,"8,90,187","691,72,171"
2015-11-06,0.904772,0.989848,0.852929,0.926032,"9,13,666","690,04,595"
2015-11-05,0.900699,0.991259,0.860382,0.895637,"11,79,840","667,16,645"
2015-11-04,1.01,1.04,0.725665,0.89905,"30,60,340","669,47,930"
2015-11-03,0.994568,1.07,0.936615,1.01,"19,07,690","754,34,114"
2015-11-02,1.06,1.1,0.953647,0.989789,"11,45,200","736,54,327"
2015-11-01,0.920847,1.08,0.899082,1.06,"5,88,913","785,30,263"
2015-10-31,1.05,1.06,0.900171,0.916627,"6,73,892","681,63,368"
2015-10-30,1.21,1.35,0.96816,1.04,"24,29,200","774,01,817"
2015-10-29,1.01,1.21,0.947374,1.21,"22,79,240","896,68,667"
2015-10-28,0.870938,1.06,0.807857,1,"23,73,050","744,69,864"
2015-10-27,0.70889,0.898172,0.70889,0.869641,"18,46,370","645,80,263"
2015-10-26,0.619743,0.757517,0.597098,0.731317,"10,89,120","542,89,124"
2015-10-25,0.563207,0.688192,0.561383,0.616039,"6,35,384","457,16,387"
2015-10-24,0.539681,0.577396,0.518688,0.56359,"2,58,356","418,09,764"
2015-10-23,0.56637,0.611743,0.504284,0.539657,"8,78,822","400,20,348"
2015-10-22,0.444988,0.619466,0.420991,0.567702,"9,24,822","420,85,192"
2015-10-21,0.431589,0.482988,0.420897,0.447329,"6,09,085","331,50,826"
2015-10-20,0.489629,0.501898,0.431648,0.434829,"3,83,921","322,13,626"
2015-10-19,0.517621,0.521546,0.480994,0.489014,"2,43,742","362,15,624"
2015-10-18,0.547913,0.552234,0.512861,0.517734,"1,33,690","383,29,702"
2015-10-17,0.534117,0.56346,0.526961,0.547178,"3,13,860","404,96,031"
2015-10-16,0.562593,0.568861,0.522533,0.536495,"2,49,891","396,91,829"
2015-10-15,0.523278,0.572714,0.51473,0.561878,"3,71,022","415,56,025"
2015-10-14,0.61224,0.61224,0.483974,0.522968,"9,71,664","386,65,409"
2015-10-13,0.627943,0.63024,0.599214,0.607655,"3,03,044","449,11,718"
2015-10-12,0.634515,0.657789,0.62603,0.62603,"1,09,567","462,53,823"
2015-10-11,0.627461,0.639506,0.618335,0.634963,"1,02,128","468,97,253"
2015-10-10,0.641187,0.649022,0.624374,0.627857,"1,41,555","463,56,711"
2015-10-09,0.655084,0.692296,0.632116,0.650628,"3,86,420","480,22,036"
2015-10-08,0.609501,0.633138,0.591971,0.621716,"3,10,266","458,72,837"
2015-10-07,0.650515,0.656301,0.602423,0.609388,"2,18,327","449,47,527"
2015-10-06,0.622218,0.653944,0.60623,0.650645,"2,62,674","479,74,298"
2015-10-05,0.666784,0.674438,0.62445,0.628643,"2,34,263","463,36,892"
2015-10-04,0.686343,0.693126,0.660716,0.668379,"1,03,497","492,49,083"
2015-10-03,0.678783,0.709204,0.675482,0.687171,"1,63,326","506,16,972"
2015-10-02,0.683732,0.69112,0.654605,0.678574,"2,19,318","499,66,502"
2015-10-01,0.734307,0.734307,0.655906,0.690215,"5,96,084","508,05,919"
2015-09-30,0.661192,0.746722,0.635861,0.738644,"6,19,926","543,51,468"
2015-09-29,0.579414,0.67583,0.558346,0.661146,"9,13,992","486,33,259"
2015-09-28,0.723715,0.725677,0.557062,0.582886,"13,20,890","428,63,006"
2015-09-27,0.791277,0.791277,0.719169,0.720839,"4,13,801","529,90,396"
2015-09-26,0.73763,0.787544,0.709328,0.785964,"3,69,620","577,59,115"
2015-09-25,0.820031,0.825665,0.712745,0.736223,"9,03,457","540,85,581"
2015-09-24,0.896796,0.908571,0.79346,0.81361,"8,42,505","597,49,888"
2015-09-23,0.90356,0.90891,0.885136,0.893406,"2,00,541","655,87,499"
2015-09-22,0.919337,0.919337,0.865225,0.901796,"4,87,914","661,80,153"
2015-09-21,0.941496,0.957326,0.878301,0.919047,"4,24,039","674,22,915"
2015-09-20,0.881191,0.947741,0.873205,0.938445,"5,08,314","688,22,183"
2015-09-19,0.849603,0.911883,0.833784,0.882391,"3,86,988","646,87,992"
2015-09-18,0.874574,0.888102,0.833908,0.853685,"4,84,622","625,61,883"
2015-09-17,0.906865,0.909204,0.831132,0.874231,"8,97,940","640,46,216"
2015-09-16,0.941977,0.952698,0.901639,0.907175,"6,15,593","664,37,873"
2015-09-15,0.875189,1.05,0.875189,0.94441,"7,03,390","691,41,409"
2015-09-14,0.940566,0.949387,0.87176,0.875622,"7,41,085","640,84,135"
2015-09-13,1.04,1.04,0.902832,0.936003,"6,44,138","684,80,587"
2015-09-12,0.987228,1.11,0.96978,1.04,"7,72,430","759,71,273"
2015-09-11,1.16,1.17,0.940675,0.982978,"19,42,600","718,68,265"
2015-09-10,1.21,1.22,1.14,1.17,"6,62,782","852,02,732"
2015-09-09,1.24,1.26,1.2,1.21,"3,66,748","881,50,125"
2015-09-08,1.25,1.28,1.23,1.24,"4,27,892","907,43,242"
2015-09-07,1.3,1.31,1.24,1.25,"4,89,014","910,20,735"
2015-09-06,1.34,1.37,1.29,1.3,"4,91,968","945,80,164"
2015-09-05,1.28,1.34,1.27,1.34,"4,48,453","976,83,883"
2015-09-04,1.26,1.3,1.24,1.27,"4,74,391","929,53,701"
2015-09-03,1.3,1.31,1.21,1.26,"7,02,991","922,34,142"
2015-09-02,1.35,1.35,1.26,1.29,"8,83,769","943,89,544"
2015-09-01,1.35,1.39,1.34,1.35,"7,78,862","985,07,500"
2015-08-31,1.32,1.4,1.2,1.36,"14,47,180","989,63,975"
2015-08-30,1.18,1.37,1.17,1.32,"13,37,650","960,97,349"
2015-08-29,1.19,1.21,1.15,1.18,"3,75,377","861,13,895"
2015-08-28,1.15,1.21,1.12,1.19,"7,21,872","867,31,077"
2015-08-27,1.17,1.19,1.14,1.15,"6,86,662","835,24,585"
2015-08-26,1.13,1.2,1.06,1.16,"10,56,750","843,90,924"
2015-08-25,1.23,1.24,1.13,1.14,"13,07,180","829,22,633"
2015-08-24,1.35,1.36,1.23,1.23,"9,24,920","895,15,257"
2015-08-23,1.38,1.41,1.3,1.35,"15,89,300","983,00,351"
2015-08-22,1.4,1.48,1.35,1.38,"9,48,310","1002,01,826"
2015-08-21,1.48,1.56,1.35,1.4,"20,20,970","1013,31,856"
2015-08-20,1.25,1.53,1.25,1.46,"28,43,760","1063,51,420"
2015-08-19,1.17,1.32,1.17,1.26,"14,86,240","913,66,391"
2015-08-18,1.22,1.33,1.09,1.09,"14,85,680","788,68,413"
2015-08-17,1.58,1.58,1.19,1.2,"19,42,830","872,95,367"
2015-08-16,1.68,1.7,1.09,1.57,"35,50,790","949,01,005"
2015-08-15,1.8,1.88,1.57,1.69,"25,54,360","1023,03,608"
2015-08-14,1.81,2.26,1.75,1.83,"46,37,030","1106,72,322"
2015-08-13,1.22,1.97,1.17,1.83,"40,68,680","1106,07,192"
2015-08-12,1.06,1.29,0.883608,1.22,"21,50,620","736,45,011"
2015-08-11,0.708087,1.13,0.663235,1.07,"14,63,100","645,69,288"
2015-08-10,0.713989,0.729854,0.636546,0.708448,"4,05,283","428,18,364"
2015-08-09,0.706136,0.87981,0.629191,0.701897,"5,32,170","423,99,573"
2015-08-08,2.79,2.8,0.714725,0.753325,"6,74,188","454,86,894"
2015-08-07,2.83,3.54,2.52,2.77,"1,64,329","1666,10,555"
